"1","367","Programer"
"1","2412","Cleaner"
"1","2280","Programer"
"1","4292","Designer"
"1","122","Cleaner"
"1","1062","Marketing"
"1","3761","Cleaner"
"1","2024","Programer"
"1","4398","Cleaner"
"1","4772","Electrician"
"2","1208","Marketing"
"2","812","Cleaner"
"2","4099","Programer"
"2","2613","Marketing"
"2","1527","Marketing"
"2","355","Marketing"
"2","4475","Electrician"
"3","990","Electrician"
"3","975","Designer"
"3","4165","Marketing"
"3","2441","Marketing"
"3","784","Marketing"
"4","3293","Designer"
"4","2899","Cleaner"
"4","1760","Designer"
"4","3389","Marketing"
"4","956","Electrician"
"4","1596","Programer"
"4","253","Programer"
"4","177","Cleaner"
"5","2400","Cleaner"
"5","1478","Cleaner"
"5","4522","Cleaner"
"5","4109","Designer"
"5","730","Electrician"
"5","4665","Marketing"
"5","3535","Programer"
"5","1486","Programer"
"6","3381","Designer"
"6","1861","Cleaner"
"6","4207","Designer"
"6","2124","Cleaner"
"6","3691","Programer"
"7","755","Marketing"
"7","4668","Programer"
"7","959","Marketing"
"7","1036","Cleaner"
"8","457","Marketing"
"9","2376","Cleaner"
"9","4244","Programer"
"10","157","Cleaner"
"10","1887","Marketing"
"10","1130","Designer"
"10","29","Cleaner"
"10","2345","Cleaner"
"11","1255","Designer"
"12","1345","Programer"
"12","1959","Programer"
"12","1991","Marketing"
"12","802","Electrician"
"12","2592","Cleaner"
"12","2301","Designer"
"12","3887","Designer"
"12","972","Electrician"
"12","4542","Electrician"
"12","3098","Designer"
"13","322","Marketing"
"13","3073","Programer"
"13","3337","Electrician"
"14","1475","Electrician"
"14","3765","Marketing"
"14","1802","Programer"
"14","1358","Marketing"
"14","1202","Cleaner"
"14","577","Electrician"
"14","88","Electrician"
"15","2703","Marketing"
"15","303","Programer"
"16","3795","Cleaner"
"16","1777","Electrician"
"16","2697","Designer"
"16","3281","Marketing"
"16","2635","Cleaner"
"16","279","Electrician"
"17","2353","Marketing"
"17","1066","Cleaner"
"17","251","Programer"
"18","4782","Designer"
"18","4451","Designer"
"18","3337","Marketing"
"18","462","Electrician"
"19","3662","Designer"
"19","1975","Marketing"
"20","3977","Electrician"
"20","266","Programer"
"20","2742","Designer"
"20","568","Designer"
"20","2439","Designer"
"20","803","Electrician"
"21","618","Electrician"
"21","2810","Electrician"
"22","1369","Programer"
"22","4838","Electrician"
"22","1595","Programer"
"22","2520","Cleaner"
"22","2681","Programer"
"23","1774","Electrician"
"23","2101","Programer"
"24","1031","Marketing"
"24","1121","Marketing"
"24","3471","Programer"
"24","598","Cleaner"
"24","2026","Marketing"
"24","2056","Designer"
"24","2245","Marketing"
"24","3953","Electrician"
"24","4554","Cleaner"
"25","4730","Cleaner"
"25","535","Marketing"
"25","130","Electrician"
"25","2994","Programer"
"26","3646","Electrician"
"27","3118","Electrician"
"27","2773","Cleaner"
"27","45","Programer"
"27","3553","Designer"
"27","3316","Marketing"
"27","31","Electrician"
"27","3484","Designer"
"27","1393","Designer"
"27","1915","Marketing"
"27","1334","Marketing"
"28","864","Cleaner"
"28","1756","Programer"
"28","1363","Electrician"
"28","1117","Programer"
"28","1848","Cleaner"
"28","2366","Electrician"
"28","3326","Programer"
"28","2271","Electrician"
"29","3472","Marketing"
"30","32","Cleaner"
"31","1076","Electrician"
"31","2188","Electrician"
"31","1790","Cleaner"
"31","94","Programer"
"31","2519","Marketing"
"31","2969","Cleaner"
"31","1986","Electrician"
"31","2913","Marketing"
"31","3986","Marketing"
"31","1378","Designer"
"32","2729","Electrician"
"32","2227","Electrician"
"33","547","Programer"
"33","1979","Programer"
"33","3726","Cleaner"
"33","2658","Designer"
"33","4585","Marketing"
"33","228","Electrician"
"34","3318","Marketing"
"34","1859","Marketing"
"34","4668","Electrician"
"35","4218","Cleaner"
"35","3414","Programer"
"36","3232","Marketing"
"36","4576","Cleaner"
"36","3738","Designer"
"36","3595","Programer"
"36","4436","Marketing"
"37","4613","Marketing"
"38","2185","Cleaner"
"39","1078","Cleaner"
"39","2058","Programer"
"39","2807","Programer"
"40","1871","Electrician"
"40","2946","Electrician"
"40","3478","Designer"
"40","4940","Programer"
"40","642","Programer"
"40","4811","Designer"
"40","1867","Cleaner"
"40","1143","Electrician"
"40","3671","Marketing"
"41","1133","Marketing"
"41","4804","Marketing"
"41","3361","Electrician"
"41","1923","Electrician"
"41","2662","Designer"
"41","198","Designer"
"41","1502","Designer"
"41","1111","Marketing"
"41","201","Electrician"
"42","1674","Cleaner"
"42","4931","Electrician"
"43","2274","Cleaner"
"43","1784","Programer"
"43","337","Programer"
"43","2938","Electrician"
"43","2752","Cleaner"
"43","4965","Programer"
"43","4047","Cleaner"
"43","2431","Marketing"
"44","2713","Electrician"
"44","1981","Programer"
"44","1562","Designer"
"44","763","Electrician"
"44","3668","Programer"
"44","2786","Programer"
"44","3076","Programer"
"45","1082","Marketing"
"46","642","Electrician"
"46","4563","Marketing"
"47","2636","Designer"
"47","2779","Cleaner"
"47","55","Designer"
"47","754","Electrician"
"47","3396","Designer"
"47","2803","Programer"
"47","1290","Designer"
"47","3625","Electrician"
"47","299","Programer"
"48","3631","Designer"
"48","1270","Programer"
"48","4306","Marketing"
"48","3217","Electrician"
"48","1676","Marketing"
"48","3522","Programer"
"48","2370","Designer"
"48","2715","Electrician"
"48","3548","Designer"
"49","659","Designer"
"49","2930","Programer"
"49","13","Marketing"
"50","1072","Electrician"
"50","1473","Electrician"
"50","1826","Electrician"
"50","1820","Cleaner"
"50","3780","Marketing"
"50","1718","Marketing"
"50","1225","Designer"
"50","4118","Marketing"
"50","1540","Marketing"
