"2","1","5"
"4","1","5"
"5","1","5"
"6","2","10"
"7","3","15"
"8","4","20"
"9","5","25"
"10","2","30"
"11","3","35"
"12","4","40"
"13","5","45"
"14","2","50"
"15","3","55"
"16","4","60"
"17","5","65"
"18","2","70"
"19","3","75"
"20","4","80"
"21","5","85"
"22","2","90"
"23","3","95"
"24","4","10"
"25","5","15"
"26","2","20"
"27","3","25"
"28","4","30"
"29","5","35"
"30","2","40"
"31","3","45"
"32","4","50"
"33","5","55"
"34","2","60"
"35","3","65"
"36","4","70"
"37","5","75"
"38","2","80"
"39","3","85"
"40","4","90"
"41","5","95"
"42","2","10"
"43","3","15"
"44","4","20"
"45","5","25"
"46","2","30"
"47","3","35"
"48","4","40"
"49","5","45"
"50","2","50"
"51","3","55"
"52","4","60"
"53","5","65"
"54","2","70"
"55","3","75"
"56","4","80"
"57","5","85"
"58","2","90"
"59","3","95"
"60","4","10"
"61","5","15"
"62","2","20"
"63","3","25"
"64","4","30"
"65","5","35"
"66","2","40"
"67","3","45"
"68","4","50"
"69","5","55"
"70","2","60"
"71","3","65"
"72","4","70"
"73","5","75"
"74","2","80"
"75","3","85"
"76","4","90"
"77","5","95"
"78","2","10"
"79","3","15"
"80","4","20"
"81","5","25"
"82","2","30"
"83","3","35"
"84","4","40"
"85","5","45"
"86","2","50"
"87","3","55"
"88","4","60"
"89","5","65"
"90","2","70"
"91","3","75"
"92","4","80"
"93","5","85"
"94","2","90"
"95","3","95"
"96","4","10"
"97","5","15"
"98","2","20"
"99","3","25"
"100","4","30"
"101","5","35"
"102","2","40"
"103","3","45"
"104","4","50"
"105","5","55"
"106","2","60"
"107","3","65"
"108","4","70"
"109","5","75"
"110","2","80"
"111","3","85"
"112","4","90"
"113","5","95"
"114","2","10"
"115","3","15"
"116","4","20"
"117","5","25"
"118","2","30"
"119","3","35"
"120","4","40"
"121","5","45"
"122","2","50"
"123","3","55"
"124","4","60"
"125","5","65"
"126","2","70"
"127","3","75"
"128","4","80"
"129","5","85"
"130","2","90"
"131","3","95"
"132","4","10"
"133","5","15"
"134","2","20"
"135","3","25"
"136","4","30"
"137","5","35"
"138","2","40"
"139","3","45"
"140","4","50"
"141","5","55"
"142","2","60"
"143","3","65"
"144","4","70"
"145","5","75"
"146","2","80"
"147","3","85"
"148","4","90"
"149","5","95"
"150","2","10"
"151","3","15"
"152","4","20"
"153","5","25"
"154","2","30"
"155","3","35"
"156","4","40"
"157","5","45"
"158","2","50"
"159","3","55"
"160","4","60"
"161","5","65"
"162","2","70"
"163","3","75"
"164","4","80"
"165","5","85"
"166","2","90"
"167","3","95"
"168","4","10"
"169","5","15"
"170","2","20"
"171","3","25"
"172","4","30"
"173","5","35"
"174","2","40"
"175","3","45"
"176","4","50"
"177","5","55"
"178","2","60"
"179","3","65"
"180","4","70"
"181","5","75"
"182","2","80"
"183","3","85"
"184","4","90"
"185","5","95"
"186","2","10"
"187","3","15"
"188","4","20"
"189","5","25"
"190","2","30"
"191","3","35"
"192","4","40"
"193","5","45"
"194","2","50"
"195","3","55"
"196","4","60"
"197","5","65"
"198","2","70"
"199","3","75"
"200","4","80"
"201","5","85"
"202","2","90"
"203","3","95"
"204","4","10"
"205","5","15"
"206","2","20"
"207","3","25"
"208","4","30"
"209","5","35"
"210","2","40"
"211","3","45"
"212","4","50"
"213","5","55"
"214","2","60"
"215","3","65"
"216","4","70"
"217","5","75"
"218","2","80"
"219","3","85"
"220","4","90"
"221","5","95"
"222","2","10"
"223","3","15"
"224","4","20"
"225","5","25"
"226","2","30"
"227","3","35"
"228","4","40"
"229","5","45"
"230","2","50"
"231","3","55"
"232","4","60"
"233","5","65"
"234","2","70"
"235","3","75"
"236","4","80"
"237","5","85"
"238","2","90"
"239","3","95"
"240","4","10"
"241","5","15"
"242","2","20"
"243","3","25"
"244","4","30"
"245","5","35"
"246","2","40"
"247","3","45"
"248","4","50"
"249","5","55"
"250","2","60"
"251","3","65"
"252","4","70"
"253","5","75"
"254","2","80"
"255","3","85"
"256","4","90"
"257","5","95"
"258","2","10"
"259","3","15"
"260","4","20"
"261","5","25"
"262","2","30"
"263","3","35"
"264","4","40"
"265","5","45"
"266","2","50"
"267","3","55"
"268","4","60"
"269","5","65"
"270","2","70"
"271","3","75"
"272","4","80"
"273","5","85"
"274","2","90"
"275","3","95"
"276","4","10"
"277","5","15"
"278","2","20"
"279","3","25"
"280","4","30"
"281","5","35"
"282","2","40"
"283","3","45"
"284","4","50"
"285","5","55"
"286","2","60"
"287","3","65"
"288","4","70"
"289","5","75"
"290","2","80"
"291","3","85"
"292","4","90"
"293","5","95"
"294","2","10"
"295","3","15"
"296","4","20"
"297","5","25"
"298","2","30"
"299","3","35"
"300","4","40"
"301","5","45"
"302","2","50"
"303","3","55"
"304","4","60"
"305","5","65"
"306","2","70"
"307","3","75"
"308","4","80"
"309","5","85"
"310","2","90"
"311","3","95"
"312","4","10"
"313","5","15"
"314","2","20"
"315","3","25"
"316","4","30"
"317","5","35"
"318","2","40"
"319","3","45"
"320","4","50"
"321","5","55"
"322","2","60"
"323","3","65"
"324","4","70"
"325","5","75"
"326","2","80"
"327","3","85"
"328","4","90"
"329","5","95"
"330","2","10"
"331","3","15"
"332","4","20"
"333","5","25"
"334","2","30"
"335","3","35"
"336","4","40"
"337","5","45"
"338","2","50"
"339","3","55"
"340","4","60"
"341","5","65"
"342","2","70"
"343","3","75"
"344","4","80"
"345","5","85"
"346","2","90"
"347","3","95"
"348","4","10"
"349","5","15"
"350","2","20"
"351","3","25"
"352","4","30"
"353","5","35"
"354","2","40"
"355","3","45"
"356","4","50"
"357","5","55"
"358","2","60"
"359","3","65"
"360","4","70"
"361","5","75"
"362","2","80"
"363","3","85"
"364","4","90"
"365","5","95"
"366","2","10"
"367","3","15"
"368","4","20"
"369","5","25"
"370","2","30"
"371","3","35"
"372","4","40"
"373","5","45"
"374","2","50"
"375","3","55"
"376","4","60"
"377","5","65"
"378","2","70"
"379","3","75"
"380","4","80"
"381","5","85"
"382","2","90"
"383","3","95"
"384","4","10"
"385","5","15"
"386","2","20"
"387","3","25"
"388","4","30"
"389","5","35"
"390","2","40"
"391","3","45"
"392","4","50"
"393","5","55"
"394","2","60"
"395","3","65"
"396","4","70"
"397","5","75"
"398","2","80"
"399","3","85"
"400","4","90"
"401","5","95"
"402","2","10"
"403","3","15"
"404","4","20"
"405","5","25"
"406","2","30"
"407","3","35"
"408","4","40"
"409","5","45"
"410","2","50"
"411","3","55"
"412","4","60"
"413","5","65"
"414","2","70"
"415","3","75"
"416","4","80"
"417","5","85"
"418","2","90"
"419","3","95"
"420","4","10"
"421","5","15"
"422","2","20"
"423","3","25"
"424","4","30"
"425","5","35"
"426","2","40"
"427","3","45"
"428","4","50"
"429","5","55"
"430","2","60"
"431","3","65"
"432","4","70"
"433","5","75"
"434","2","80"
"435","3","85"
"436","4","90"
"437","5","95"
"438","2","10"
"439","3","15"
"440","4","20"
"441","5","25"
"442","2","30"
"443","3","35"
"444","4","40"
"445","5","45"
"446","2","50"
"447","3","55"
"448","4","60"
"449","5","65"
"450","2","70"
"451","3","75"
"452","4","80"
"453","5","85"
"454","2","90"
"455","3","95"
"456","4","10"
"457","5","15"
"458","2","20"
"459","3","25"
"460","4","30"
"461","5","35"
"462","2","40"
"463","3","45"
"464","4","50"
"465","5","55"
"466","2","60"
"467","3","65"
"468","4","70"
"469","5","75"
"470","2","80"
"471","3","85"
"472","4","90"
"473","5","95"
"474","2","10"
"475","3","15"
"476","4","20"
"477","5","25"
"478","2","30"
"479","3","35"
"480","4","40"
"481","5","45"
"482","2","50"
"483","3","55"
"484","4","60"
"485","5","65"
"486","2","70"
"487","3","75"
"488","4","80"
"489","5","85"
"490","2","90"
"491","3","95"
"492","4","10"
"493","5","15"
"494","2","20"
"495","3","25"
"496","4","30"
"497","5","35"
"498","2","40"
"499","3","45"
"500","4","50"
"501","5","55"
"502","2","60"
"503","3","65"
"504","4","70"
"505","5","75"
"506","2","80"
"507","3","85"
"508","4","90"
"509","5","95"
"510","2","10"
"511","3","15"
"512","4","20"
"513","5","25"
"514","2","30"
"515","3","35"
"516","4","40"
"517","5","45"
"518","2","50"
"519","3","55"
"520","4","60"
"521","5","65"
"522","2","70"
"523","3","75"
"524","4","80"
"525","5","85"
"526","2","90"
"527","3","95"
"528","4","10"
"529","5","15"
"530","2","20"
"531","3","25"
"532","4","30"
"533","5","35"
"534","2","40"
"535","3","45"
"536","4","50"
"537","5","55"
"538","2","60"
"539","3","65"
"540","4","70"
"541","5","75"
"542","2","80"
"543","3","85"
"544","4","90"
"545","5","95"
"546","2","10"
"547","3","15"
"548","4","20"
"549","5","25"
"550","2","30"
"551","3","35"
"552","4","40"
"553","5","45"
"554","2","50"
"555","3","55"
"556","4","60"
"557","5","65"
"558","2","70"
"559","3","75"
"560","4","80"
"561","5","85"
"562","2","90"
"563","3","95"
"564","4","10"
"565","5","15"
"566","2","20"
"567","3","25"
"568","4","30"
"569","5","35"
"570","2","40"
"571","3","45"
"572","4","50"
"573","5","55"
"574","2","60"
"575","3","65"
"576","4","70"
"577","5","75"
"578","2","80"
"579","3","85"
"580","4","90"
"581","5","95"
"582","2","10"
"583","3","15"
"584","4","20"
"585","5","25"
"586","2","30"
"587","3","35"
"588","4","40"
"589","5","45"
"590","2","50"
"591","3","55"
"592","4","60"
"593","5","65"
"594","2","70"
"595","3","75"
"596","4","80"
"597","5","85"
"598","2","90"
"599","3","95"
"600","4","10"
"601","5","15"
"602","2","20"
"603","3","25"
"604","4","30"
"605","5","35"
"606","2","40"
"607","3","45"
"608","4","50"
"609","5","55"
"610","2","60"
"611","3","65"
"612","4","70"
"613","5","75"
"614","2","80"
"615","3","85"
"616","4","90"
"617","5","95"
"618","2","10"
"619","3","15"
"620","4","20"
"621","5","25"
"622","2","30"
"623","3","35"
"624","4","40"
"625","5","45"
"626","2","50"
"627","3","55"
"628","4","60"
"629","5","65"
"630","2","70"
"631","3","75"
"632","4","80"
"633","5","85"
"634","2","90"
"635","3","95"
"636","4","10"
"637","5","15"
"638","2","20"
"639","3","25"
"640","4","30"
"641","5","35"
"642","2","40"
"643","3","45"
"644","4","50"
"645","5","55"
"646","2","60"
"647","3","65"
"648","4","70"
"649","5","75"
"650","2","80"
"651","3","85"
"652","4","90"
"653","5","95"
"654","2","10"
"655","3","15"
"656","4","20"
"657","5","25"
"658","2","30"
"659","3","35"
"660","4","40"
"661","5","45"
"662","2","50"
"663","3","55"
"664","4","60"
"665","5","65"
"666","2","70"
"667","3","75"
"668","4","80"
"669","5","85"
"670","2","90"
"671","3","95"
"672","4","10"
"673","5","15"
"674","2","20"
"675","3","25"
"676","4","30"
"677","5","35"
"678","2","40"
"679","3","45"
"680","4","50"
"681","5","55"
"682","2","60"
"683","3","65"
"684","4","70"
"685","5","75"
"686","2","80"
"687","3","85"
"688","4","90"
"689","5","95"
"690","2","10"
"691","3","15"
"692","4","20"
"693","5","25"
"694","2","30"
"695","3","35"
"696","4","40"
"697","5","45"
"698","2","50"
"699","3","55"
"700","4","60"
"701","5","65"
"702","2","70"
"703","3","75"
"704","4","80"
"705","5","85"
"706","2","90"
"707","3","95"
"708","4","10"
"709","5","15"
"710","2","20"
"711","3","25"
"712","4","30"
"713","5","35"
"714","2","40"
"715","3","45"
"716","4","50"
"717","5","55"
"718","2","60"
"719","3","65"
"720","4","70"
"721","5","75"
"722","2","80"
"723","3","85"
"724","4","90"
"725","5","95"
"726","2","10"
"727","3","15"
"728","4","20"
"729","5","25"
"730","2","30"
"731","3","35"
"732","4","40"
"733","5","45"
"734","2","50"
"735","3","55"
"736","4","60"
"737","5","65"
"738","2","70"
"739","3","75"
"740","4","80"
"741","5","85"
"742","2","90"
"743","3","95"
"744","4","10"
"745","5","15"
"746","2","20"
"747","3","25"
"748","4","30"
"749","5","35"
"750","2","40"
"751","3","45"
"752","4","50"
"753","5","55"
"754","2","60"
"755","3","65"
"756","4","70"
"757","5","75"
"758","2","80"
"759","3","85"
"760","4","90"
"761","5","95"
"762","2","10"
"763","3","15"
"764","4","20"
"765","5","25"
"766","2","30"
"767","3","35"
"768","4","40"
"769","5","45"
"770","2","50"
"771","3","55"
"772","4","60"
"773","5","65"
"774","2","70"
"775","3","75"
"776","4","80"
"777","5","85"
"778","2","90"
"779","3","95"
"780","4","10"
"781","5","15"
"782","2","20"
"783","3","25"
"784","4","30"
"785","5","35"
"786","2","40"
"787","3","45"
"788","4","50"
"789","5","55"
"790","2","60"
"791","3","65"
"792","4","70"
"793","5","75"
"794","2","80"
"795","3","85"
"796","4","90"
"797","5","95"
"798","2","10"
"799","3","15"
"800","4","20"
"801","5","25"
"802","2","30"
"803","3","35"
"804","4","40"
"805","5","45"
"806","2","50"
"807","3","55"
"808","4","60"
"809","5","65"
"810","2","70"
"811","3","75"
"812","4","80"
"813","5","85"
"814","2","90"
"815","3","95"
"816","4","10"
"817","5","15"
"818","2","20"
"819","3","25"
"820","4","30"
"821","5","35"
"822","2","40"
"823","3","45"
"824","4","50"
"825","5","55"
"826","2","60"
"827","3","65"
"828","4","70"
"829","5","75"
"830","2","80"
"831","3","85"
"832","4","90"
"833","5","95"
"834","2","10"
"835","3","15"
"836","4","20"
"837","5","25"
"838","2","30"
"839","3","35"
"840","4","40"
"841","5","45"
"842","2","50"
"843","3","55"
"844","4","60"
"845","5","65"
"846","2","70"
"847","3","75"
"848","4","80"
"849","5","85"
"850","2","90"
"851","3","95"
"852","4","10"
"853","5","15"
"854","2","20"
"855","3","25"
"856","4","30"
"857","5","35"
"858","2","40"
"859","3","45"
"860","4","50"
"861","5","55"
"862","2","60"
"863","3","65"
"864","4","70"
"865","5","75"
"866","2","80"
"867","3","85"
"868","4","90"
"869","5","95"
"870","2","10"
"871","3","15"
"872","4","20"
"873","5","25"
"874","2","30"
"875","3","35"
"876","4","40"
"877","5","45"
"878","2","50"
"879","3","55"
"880","4","60"
"881","5","65"
"882","2","70"
"883","3","75"
"884","4","80"
"885","5","85"
"886","2","90"
"887","3","95"
"888","4","10"
"889","5","15"
"890","2","20"
"891","3","25"
"892","4","30"
"893","5","35"
"894","2","40"
"895","3","45"
"896","4","50"
"897","5","55"
"898","2","60"
"899","3","65"
"900","4","70"
"901","5","75"
"902","2","80"
"903","3","85"
"904","4","90"
"905","5","95"
"906","2","10"
"907","3","15"
"908","4","20"
"909","5","25"
"910","2","30"
"911","3","35"
"912","4","40"
"913","5","45"
"914","2","50"
"915","3","55"
"916","4","60"
"917","5","65"
"918","2","70"
"919","3","75"
"920","4","80"
"921","5","85"
"922","2","90"
"923","3","95"
"924","4","10"
"925","5","15"
"926","2","20"
"927","3","25"
"928","4","30"
"929","5","35"
"930","2","40"
"931","3","45"
"932","4","50"
"933","5","55"
"934","2","60"
"935","3","65"
"936","4","70"
"937","5","75"
"938","2","80"
"939","3","85"
"940","4","90"
"941","5","95"
"942","2","10"
"943","3","15"
"944","4","20"
"945","5","25"
"946","2","30"
"947","3","35"
"948","4","40"
"949","5","45"
"950","2","50"
"951","3","55"
"952","4","60"
"953","5","65"
"954","2","70"
"955","3","75"
"956","4","80"
"957","5","85"
"958","2","90"
"959","3","95"
"960","4","10"
"961","5","15"
"962","2","20"
"963","3","25"
"964","4","30"
"965","5","35"
"966","2","40"
"967","3","45"
"968","4","50"
"969","5","55"
"970","2","60"
"971","3","65"
"972","4","70"
"973","5","75"
"974","2","80"
"975","3","85"
"976","4","90"
"977","5","95"
"978","2","10"
"979","3","15"
"980","4","20"
"981","5","25"
"982","2","30"
"983","3","35"
"984","4","40"
"985","5","45"
"986","2","50"
"987","3","55"
"988","4","60"
"989","5","65"
"990","2","70"
"991","3","75"
"992","4","80"
"993","5","85"
"994","2","90"
"995","3","95"
"996","4","10"
"997","5","15"
"998","2","20"
"999","3","25"
"1000","4","30"
"1001","5","35"
"1002","2","40"
"1003","3","45"
"1004","4","50"
"1005","5","55"
"1006","2","60"
"1007","3","65"
"1008","4","70"
"1009","5","75"
"1010","2","80"
"1011","3","85"
"1012","4","90"
"1013","5","95"
"1014","2","10"
"1015","3","15"
"1016","4","20"
"1017","5","25"
"1018","2","30"
"1019","3","35"
"1020","4","40"
"1021","5","45"
"1022","2","50"
"1023","3","55"
"1024","4","60"
"1025","5","65"
"1026","2","70"
"1027","3","75"
"1028","4","80"
"1029","5","85"
"1030","2","90"
"1031","3","95"
"1032","4","10"
"1033","5","15"
"1034","2","20"
"1035","3","25"
"1036","4","30"
"1037","5","35"
"1038","2","40"
"1039","3","45"
"1040","4","50"
"1041","5","55"
"1042","2","60"
"1043","3","65"
"1044","4","70"
"1045","5","75"
"1046","2","80"
"1047","3","85"
"1048","4","90"
"1049","5","95"
"1050","2","10"
"1051","3","15"
"1052","4","20"
"1053","5","25"
"1054","2","30"
"1055","3","35"
"1056","4","40"
"1057","5","45"
"1058","2","50"
"1059","3","55"
"1060","4","60"
"1061","5","65"
"1062","2","70"
"1063","3","75"
"1064","4","80"
"1065","5","85"
"1066","2","90"
"1067","3","95"
"1068","4","10"
"1069","5","15"
"1070","2","20"
"1071","3","25"
"1072","4","30"
"1073","5","35"
"1074","2","40"
"1075","3","45"
"1076","4","50"
"1077","5","55"
"1078","2","60"
"1079","3","65"
"1080","4","70"
"1081","5","75"
"1082","2","80"
"1083","3","85"
"1084","4","90"
"1085","5","95"
"1086","2","10"
"1087","3","15"
"1088","4","20"
"1089","5","25"
"1090","2","30"
"1091","3","35"
"1092","4","40"
"1093","5","45"
"1094","2","50"
"1095","3","55"
"1096","4","60"
"1097","5","65"
"1098","2","70"
"1099","3","75"
"1100","4","80"
"1101","5","85"
"1102","2","90"
"1103","3","95"
"1104","4","10"
"1105","5","15"
"1106","2","20"
"1107","3","25"
"1108","4","30"
"1109","5","35"
"1110","2","40"
"1111","3","45"
"1112","4","50"
"1113","5","55"
"1114","2","60"
"1115","3","65"
"1116","4","70"
"1117","5","75"
"1118","2","80"
"1119","3","85"
"1120","4","90"
"1121","5","95"
"1122","2","10"
"1123","3","15"
"1124","4","20"
"1125","5","25"
"1126","2","30"
"1127","3","35"
"1128","4","40"
"1129","5","45"
"1130","2","50"
"1131","3","55"
"1132","4","60"
"1133","5","65"
"1134","2","70"
"1135","3","75"
"1136","4","80"
"1137","5","85"
"1138","2","90"
"1139","3","95"
"1140","4","10"
"1141","5","15"
"1142","2","20"
"1143","3","25"
"1144","4","30"
"1145","5","35"
"1146","2","40"
"1147","3","45"
"1148","4","50"
"1149","5","55"
"1150","2","60"
"1151","3","65"
"1152","4","70"
"1153","5","75"
"1154","2","80"
"1155","3","85"
"1156","4","90"
"1157","5","95"
"1158","2","10"
"1159","3","15"
"1160","4","20"
"1161","5","25"
"1162","2","30"
"1163","3","35"
"1164","4","40"
"1165","5","45"
"1166","2","50"
"1167","3","55"
"1168","4","60"
"1169","5","65"
"1170","2","70"
"1171","3","75"
"1172","4","80"
"1173","5","85"
"1174","2","90"
"1175","3","95"
"1176","4","10"
"1177","5","15"
"1178","2","20"
"1179","3","25"
"1180","4","30"
"1181","5","35"
"1182","2","40"
"1183","3","45"
"1184","4","50"
"1185","5","55"
"1186","2","60"
"1187","3","65"
"1188","4","70"
"1189","5","75"
"1190","2","80"
"1191","3","85"
"1192","4","90"
"1193","5","95"
"1194","2","10"
"1195","3","15"
"1196","4","20"
"1197","5","25"
"1198","2","30"
"1199","3","35"
"1200","4","40"
"1201","5","45"
"1202","2","50"
"1203","3","55"
"1204","4","60"
"1205","5","65"
"1206","2","70"
"1207","3","75"
"1208","4","80"
"1209","5","85"
"1210","2","90"
"1211","3","95"
"1212","4","10"
"1213","5","15"
"1214","2","20"
"1215","3","25"
"1216","4","30"
"1217","5","35"
"1218","2","40"
"1219","3","45"
"1220","4","50"
"1221","5","55"
"1222","2","60"
"1223","3","65"
"1224","4","70"
"1225","5","75"
"1226","2","80"
"1227","3","85"
"1228","4","90"
"1229","5","95"
"1230","2","10"
"1231","3","15"
"1232","4","20"
"1233","5","25"
"1234","2","30"
"1235","3","35"
"1236","4","40"
"1237","5","45"
"1238","2","50"
"1239","3","55"
"1240","4","60"
"1241","5","65"
"1242","2","70"
"1243","3","75"
"1244","4","80"
"1245","5","85"
"1246","2","90"
"1247","3","95"
"1248","4","10"
"1249","5","15"
"1250","2","20"
"1251","3","25"
"1252","4","30"
"1253","5","35"
"1254","2","40"
"1255","3","45"
"1256","4","50"
"1257","5","55"
"1258","2","60"
"1259","3","65"
"1260","4","70"
"1261","5","75"
"1262","2","80"
"1263","3","85"
"1264","4","90"
"1265","5","95"
"1266","2","10"
"1267","3","15"
"1268","4","20"
"1269","5","25"
"1270","2","30"
"1271","3","35"
"1272","4","40"
"1273","5","45"
"1274","2","50"
"1275","3","55"
"1276","4","60"
"1277","5","65"
"1278","2","70"
"1279","3","75"
"1280","4","80"
"1281","5","85"
"1282","2","90"
"1283","3","95"
"1284","4","10"
"1285","5","15"
"1286","2","20"
"1287","3","25"
"1288","4","30"
"1289","5","35"
"1290","2","40"
"1291","3","45"
"1292","4","50"
"1293","5","55"
"1294","2","60"
"1295","3","65"
"1296","4","70"
"1297","5","75"
"1298","2","80"
"1299","3","85"
"1300","4","90"
"1301","5","95"
"1302","2","10"
"1303","3","15"
"1304","4","20"
"1305","5","25"
"1306","2","30"
"1307","3","35"
"1308","4","40"
"1309","5","45"
"1310","2","50"
"1311","3","55"
"1312","4","60"
"1313","5","65"
"1314","2","70"
"1315","3","75"
"1316","4","80"
"1317","5","85"
"1318","2","90"
"1319","3","95"
"1320","4","10"
"1321","5","15"
"1322","2","20"
"1323","3","25"
"1324","4","30"
"1325","5","35"
"1326","2","40"
"1327","3","45"
"1328","4","50"
"1329","5","55"
"1330","2","60"
"1331","3","65"
"1332","4","70"
"1333","5","75"
"1334","2","80"
"1335","3","85"
"1336","4","90"
"1337","5","95"
"1338","2","10"
"1339","3","15"
"1340","4","20"
"1341","5","25"
"1342","2","30"
"1343","3","35"
"1344","4","40"
"1345","5","45"
"1346","2","50"
"1347","3","55"
"1348","4","60"
"1349","5","65"
"1350","2","70"
"1351","3","75"
"1352","4","80"
"1353","5","85"
"1354","2","90"
"1355","3","95"
"1356","4","10"
"1357","5","15"
"1358","2","20"
"1359","3","25"
"1360","4","30"
"1361","5","35"
"1362","2","40"
"1363","3","45"
"1364","4","50"
"1365","5","55"
"1366","2","60"
"1367","3","65"
"1368","4","70"
"1369","5","75"
"1370","2","80"
"1371","3","85"
"1372","4","90"
"1373","5","95"
"1374","2","10"
"1375","3","15"
"1376","4","20"
"1377","5","25"
"1378","2","30"
"1379","3","35"
"1380","4","40"
"1381","5","45"
"1382","2","50"
"1383","3","55"
"1384","4","60"
"1385","5","65"
"1386","2","70"
"1387","3","75"
"1388","4","80"
"1389","5","85"
"1390","2","90"
"1391","3","95"
"1392","4","10"
"1393","5","15"
"1394","2","20"
"1395","3","25"
"1396","4","30"
"1397","5","35"
"1398","2","40"
"1399","3","45"
"1400","4","50"
"1401","5","55"
"1402","2","60"
"1403","3","65"
"1404","4","70"
"1405","5","75"
"1406","2","80"
"1407","3","85"
"1408","4","90"
"1409","5","95"
"1410","2","10"
"1411","3","15"
"1412","4","20"
"1413","5","25"
"1414","2","30"
"1415","3","35"
"1416","4","40"
"1417","5","45"
"1418","2","50"
"1419","3","55"
"1420","4","60"
"1421","5","65"
"1422","2","70"
"1423","3","75"
"1424","4","80"
"1425","5","85"
"1426","2","90"
"1427","3","95"
"1428","4","10"
"1429","5","15"
"1430","2","20"
"1431","3","25"
"1432","4","30"
"1433","5","35"
"1434","2","40"
"1435","3","45"
"1436","4","50"
"1437","5","55"
"1438","2","60"
"1439","3","65"
"1440","4","70"
"1441","5","75"
"1442","2","80"
"1443","3","85"
"1444","4","90"
"1445","5","95"
"1446","2","10"
"1447","3","15"
"1448","4","20"
"1449","5","25"
"1450","2","30"
"1451","3","35"
"1452","4","40"
"1453","5","45"
"1454","2","50"
"1455","3","55"
"1456","4","60"
"1457","5","65"
"1458","2","70"
"1459","3","75"
"1460","4","80"
"1461","5","85"
"1462","2","90"
"1463","3","95"
"1464","4","10"
"1465","5","15"
"1466","2","20"
"1467","3","25"
"1468","4","30"
"1469","5","35"
"1470","2","40"
"1471","3","45"
"1472","4","50"
"1473","5","55"
"1474","2","60"
"1475","3","65"
"1476","4","70"
"1477","5","75"
"1478","2","80"
"1479","3","85"
"1480","4","90"
"1481","5","95"
"1482","2","10"
"1483","3","15"
"1484","4","20"
"1485","5","25"
"1486","2","30"
"1487","3","35"
"1488","4","40"
"1489","5","45"
"1490","2","50"
"1491","3","55"
"1492","4","60"
"1493","5","65"
"1494","2","70"
"1495","3","75"
"1496","4","80"
"1497","5","85"
"1498","2","90"
"1499","3","95"
"1500","4","10"
"1501","5","15"
"1502","2","20"
"1503","3","25"
"1504","4","30"
"1505","5","35"
"1506","2","40"
"1507","3","45"
"1508","4","50"
"1509","5","55"
"1510","2","60"
"1511","3","65"
"1512","4","70"
"1513","5","75"
"1514","2","80"
"1515","3","85"
"1516","4","90"
"1517","5","95"
"1518","2","10"
"1519","3","15"
"1520","4","20"
"1521","5","25"
"1522","2","30"
"1523","3","35"
"1524","4","40"
"1525","5","45"
"1526","2","50"
"1527","3","55"
"1528","4","60"
"1529","5","65"
"1530","2","70"
"1531","3","75"
"1532","4","80"
"1533","5","85"
"1534","2","90"
"1535","3","95"
"1536","4","10"
"1537","5","15"
"1538","2","20"
"1539","3","25"
"1540","4","30"
"1541","5","35"
"1542","2","40"
"1543","3","45"
"1544","4","50"
"1545","5","55"
"1546","2","60"
"1547","3","65"
"1548","4","70"
"1549","5","75"
"1550","2","80"
"1551","3","85"
"1552","4","90"
"1553","5","95"
"1554","2","10"
"1555","3","15"
"1556","4","20"
"1557","5","25"
"1558","2","30"
"1559","3","35"
"1560","4","40"
"1561","5","45"
"1562","2","50"
"1563","3","55"
"1564","4","60"
"1565","5","65"
"1566","2","70"
"1567","3","75"
"1568","4","80"
"1569","5","85"
"1570","2","90"
"1571","3","95"
"1572","4","10"
"1573","5","15"
"1574","2","20"
"1575","3","25"
"1576","4","30"
"1577","5","35"
"1578","2","40"
"1579","3","45"
"1580","4","50"
"1581","5","55"
"1582","2","60"
"1583","3","65"
"1584","4","70"
"1585","5","75"
"1586","2","80"
"1587","3","85"
"1588","4","90"
"1589","5","95"
"1590","2","10"
"1591","3","15"
"1592","4","20"
"1593","5","25"
"1594","2","30"
"1595","3","35"
"1596","4","40"
"1597","5","45"
"1598","2","50"
"1599","3","55"
"1600","4","60"
"1601","5","65"
"1602","2","70"
"1603","3","75"
"1604","4","80"
"1605","5","85"
"1606","2","90"
"1607","3","95"
"1608","4","10"
"1609","5","15"
"1610","2","20"
"1611","3","25"
"1612","4","30"
"1613","5","35"
"1614","2","40"
"1615","3","45"
"1616","4","50"
"1617","5","55"
"1618","2","60"
"1619","3","65"
"1620","4","70"
"1621","5","75"
"1622","2","80"
"1623","3","85"
"1624","4","90"
"1625","5","95"
"1626","2","10"
"1627","3","15"
"1628","4","20"
"1629","5","25"
"1630","2","30"
"1631","3","35"
"1632","4","40"
"1633","5","45"
"1634","2","50"
"1635","3","55"
"1636","4","60"
"1637","5","65"
"1638","2","70"
"1639","3","75"
"1640","4","80"
"1641","5","85"
"1642","2","90"
"1643","3","95"
"1644","4","10"
"1645","5","15"
"1646","2","20"
"1647","3","25"
"1648","4","30"
"1649","5","35"
"1650","2","40"
"1651","3","45"
"1652","4","50"
"1653","5","55"
"1654","2","60"
"1655","3","65"
"1656","4","70"
"1657","5","75"
"1658","2","80"
"1659","3","85"
"1660","4","90"
"1661","5","95"
"1662","2","10"
"1663","3","15"
"1664","4","20"
"1665","5","25"
"1666","2","30"
"1667","3","35"
"1668","4","40"
"1669","5","45"
"1670","2","50"
"1671","3","55"
"1672","4","60"
"1673","5","65"
"1674","2","70"
"1675","3","75"
"1676","4","80"
"1677","5","85"
"1678","2","90"
"1679","3","95"
"1680","4","10"
"1681","5","15"
"1682","2","20"
"1683","3","25"
"1684","4","30"
"1685","5","35"
"1686","2","40"
"1687","3","45"
"1688","4","50"
"1689","5","55"
"1690","2","60"
"1691","3","65"
"1692","4","70"
"1693","5","75"
"1694","2","80"
"1695","3","85"
"1696","4","90"
"1697","5","95"
"1698","2","10"
"1699","3","15"
"1700","4","20"
"1701","5","25"
"1702","2","30"
"1703","3","35"
"1704","4","40"
"1705","5","45"
"1706","2","50"
"1707","3","55"
"1708","4","60"
"1709","5","65"
"1710","2","70"
"1711","3","75"
"1712","4","80"
"1713","5","85"
"1714","2","90"
"1715","3","95"
"1716","4","10"
"1717","5","15"
"1718","2","20"
"1719","3","25"
"1720","4","30"
"1721","5","35"
"1722","2","40"
"1723","3","45"
"1724","4","50"
"1725","5","55"
"1726","2","60"
"1727","3","65"
"1728","4","70"
"1729","5","75"
"1730","2","80"
"1731","3","85"
"1732","4","90"
"1733","5","95"
"1734","2","10"
"1735","3","15"
"1736","4","20"
"1737","5","25"
"1738","2","30"
"1739","3","35"
"1740","4","40"
"1741","5","45"
"1742","2","50"
"1743","3","55"
"1744","4","60"
"1745","5","65"
"1746","2","70"
"1747","3","75"
"1748","4","80"
"1749","5","85"
"1750","2","90"
"1751","3","95"
"1752","4","10"
"1753","5","15"
"1754","2","20"
"1755","3","25"
"1756","4","30"
"1757","5","35"
"1758","2","40"
"1759","3","45"
"1760","4","50"
"1761","5","55"
"1762","2","60"
"1763","3","65"
"1764","4","70"
"1765","5","75"
"1766","2","80"
"1767","3","85"
"1768","4","90"
"1769","5","95"
"1770","2","10"
"1771","3","15"
"1772","4","20"
"1773","5","25"
"1774","2","30"
"1775","3","35"
"1776","4","40"
"1777","5","45"
"1778","2","50"
"1779","3","55"
"1780","4","60"
"1781","5","65"
"1782","2","70"
"1783","3","75"
"1784","4","80"
"1785","5","85"
"1786","2","90"
"1787","3","95"
"1788","4","10"
"1789","5","15"
"1790","2","20"
"1791","3","25"
"1792","4","30"
"1793","5","35"
"1794","2","40"
"1795","3","45"
"1796","4","50"
"1797","5","55"
"1798","2","60"
"1799","3","65"
"1800","4","70"
"1801","5","75"
"1802","2","80"
"1803","3","85"
"1804","4","90"
"1805","5","95"
"1806","2","10"
"1807","3","15"
"1808","4","20"
"1809","5","25"
"1810","2","30"
"1811","3","35"
"1812","4","40"
"1813","5","45"
"1814","2","50"
"1815","3","55"
"1816","4","60"
"1817","5","65"
"1818","2","70"
"1819","3","75"
"1820","4","80"
"1821","5","85"
"1822","2","90"
"1823","3","95"
"1824","4","10"
"1825","5","15"
"1826","2","20"
"1827","3","25"
"1828","4","30"
"1829","5","35"
"1830","2","40"
"1831","3","45"
"1832","4","50"
"1833","5","55"
"1834","2","60"
"1835","3","65"
"1836","4","70"
"1837","5","75"
"1838","2","80"
"1839","3","85"
"1840","4","90"
"1841","5","95"
"1842","2","10"
"1843","3","15"
"1844","4","20"
"1845","5","25"
"1846","2","30"
"1847","3","35"
"1848","4","40"
"1849","5","45"
"1850","2","50"
"1851","3","55"
"1852","4","60"
"1853","5","65"
"1854","2","70"
"1855","3","75"
"1856","4","80"
"1857","5","85"
"1858","2","90"
"1859","3","95"
"1860","4","10"
"1861","5","15"
"1862","2","20"
"1863","3","25"
"1864","4","30"
"1865","5","35"
"1866","2","40"
"1867","3","45"
"1868","4","50"
"1869","5","55"
"1870","2","60"
"1871","3","65"
"1872","4","70"
"1873","5","75"
"1874","2","80"
"1875","3","85"
"1876","4","90"
"1877","5","95"
"1878","2","10"
"1879","3","15"
"1880","4","20"
"1881","5","25"
"1882","2","30"
"1883","3","35"
"1884","4","40"
"1885","5","45"
"1886","2","50"
"1887","3","55"
"1888","4","60"
"1889","5","65"
"1890","2","70"
"1891","3","75"
"1892","4","80"
"1893","5","85"
"1894","2","90"
"1895","3","95"
"1896","4","10"
"1897","5","15"
"1898","2","20"
"1899","3","25"
"1900","4","30"
"1901","5","35"
"1902","2","40"
"1903","3","45"
"1904","4","50"
"1905","5","55"
"1906","2","60"
"1907","3","65"
"1908","4","70"
"1909","5","75"
"1910","2","80"
"1911","3","85"
"1912","4","90"
"1913","5","95"
"1914","2","10"
"1915","3","15"
"1916","4","20"
"1917","5","25"
"1918","2","30"
"1919","3","35"
"1920","4","40"
"1921","5","45"
"1922","2","50"
"1923","3","55"
"1924","4","60"
"1925","5","65"
"1926","2","70"
"1927","3","75"
"1928","4","80"
"1929","5","85"
"1930","2","90"
"1931","3","95"
"1932","4","10"
"1933","5","15"
"1934","2","20"
"1935","3","25"
"1936","4","30"
"1937","5","35"
"1938","2","40"
"1939","3","45"
"1940","4","50"
"1941","5","55"
"1942","2","60"
"1943","3","65"
"1944","4","70"
"1945","5","75"
"1946","2","80"
"1947","3","85"
"1948","4","90"
"1949","5","95"
"1950","2","10"
"1951","3","15"
"1952","4","20"
"1953","5","25"
"1954","2","30"
"1955","3","35"
"1956","4","40"
"1957","5","45"
"1958","2","50"
"1959","3","55"
"1960","4","60"
"1961","5","65"
"1962","2","70"
"1963","3","75"
"1964","4","80"
"1965","5","85"
"1966","2","90"
"1967","3","95"
"1968","4","10"
"1969","5","15"
"1970","2","20"
"1971","3","25"
"1972","4","30"
"1973","5","35"
"1974","2","40"
"1975","3","45"
"1976","4","50"
"1977","5","55"
"1978","2","60"
"1979","3","65"
"1980","4","70"
"1981","5","75"
"1982","2","80"
"1983","3","85"
"1984","4","90"
"1985","5","95"
"1986","2","10"
"1987","3","15"
"1988","4","20"
"1989","5","25"
"1990","2","30"
"1991","3","35"
"1992","4","40"
"1993","5","45"
"1994","2","50"
"1995","3","55"
"1996","4","60"
"1997","5","65"
"1998","2","70"
"1999","3","75"
"2000","4","80"
"2001","5","85"
"2002","2","90"
"2003","3","95"
"2004","4","10"
"2005","5","15"
"2006","2","20"
"2007","3","25"
"2008","4","30"
"2009","5","35"
"2010","2","40"
"2011","3","45"
"2012","4","50"
"2013","5","55"
"2014","2","60"
"2015","3","65"
"2016","4","70"
"2017","5","75"
"2018","2","80"
"2019","3","85"
"2020","4","90"
"2021","5","95"
"2022","2","10"
"2023","3","15"
"2024","4","20"
"2025","5","25"
"2026","2","30"
"2027","3","35"
"2028","4","40"
"2029","5","45"
"2030","2","50"
"2031","3","55"
"2032","4","60"
"2033","5","65"
"2034","2","70"
"2035","3","75"
"2036","4","80"
"2037","5","85"
"2038","2","90"
"2039","3","95"
"2040","4","10"
"2041","5","15"
"2042","2","20"
"2043","3","25"
"2044","4","30"
"2045","5","35"
"2046","2","40"
"2047","3","45"
"2048","4","50"
"2049","5","55"
"2050","2","60"
"2051","3","65"
"2052","4","70"
"2053","5","75"
"2054","2","80"
"2055","3","85"
"2056","4","90"
"2057","5","95"
"2058","2","10"
"2059","3","15"
"2060","4","20"
"2061","5","25"
"2062","2","30"
"2063","3","35"
"2064","4","40"
"2065","5","45"
"2066","2","50"
"2067","3","55"
"2068","4","60"
"2069","5","65"
"2070","2","70"
"2071","3","75"
"2072","4","80"
"2073","5","85"
"2074","2","90"
"2075","3","95"
"2076","4","10"
"2077","5","15"
"2078","2","20"
"2079","3","25"
"2080","4","30"
"2081","5","35"
"2082","2","40"
"2083","3","45"
"2084","4","50"
"2085","5","55"
"2086","2","60"
"2087","3","65"
"2088","4","70"
"2089","5","75"
"2090","2","80"
"2091","3","85"
"2092","4","90"
"2093","5","95"
"2094","2","10"
"2095","3","15"
"2096","4","20"
"2097","5","25"
"2098","2","30"
"2099","3","35"
"2100","4","40"
"2101","5","45"
"2102","2","50"
"2103","3","55"
"2104","4","60"
"2105","5","65"
"2106","2","70"
"2107","3","75"
"2108","4","80"
"2109","5","85"
"2110","2","90"
"2111","3","95"
"2112","4","10"
"2113","5","15"
"2114","2","20"
"2115","3","25"
"2116","4","30"
"2117","5","35"
"2118","2","40"
"2119","3","45"
"2120","4","50"
"2121","5","55"
"2122","2","60"
"2123","3","65"
"2124","4","70"
"2125","5","75"
"2126","2","80"
"2127","3","85"
"2128","4","90"
"2129","5","95"
"2130","2","10"
"2131","3","15"
"2132","4","20"
"2133","5","25"
"2134","2","30"
"2135","3","35"
"2136","4","40"
"2137","5","45"
"2138","2","50"
"2139","3","55"
"2140","4","60"
"2141","5","65"
"2142","2","70"
"2143","3","75"
"2144","4","80"
"2145","5","85"
"2146","2","90"
"2147","3","95"
"2148","4","10"
"2149","5","15"
"2150","2","20"
"2151","3","25"
"2152","4","30"
"2153","5","35"
"2154","2","40"
"2155","3","45"
"2156","4","50"
"2157","5","55"
"2158","2","60"
"2159","3","65"
"2160","4","70"
"2161","5","75"
"2162","2","80"
"2163","3","85"
"2164","4","90"
"2165","5","95"
"2166","2","10"
"2167","3","15"
"2168","4","20"
"2169","5","25"
"2170","2","30"
"2171","3","35"
"2172","4","40"
"2173","5","45"
"2174","2","50"
"2175","3","55"
"2176","4","60"
"2177","5","65"
"2178","2","70"
"2179","3","75"
"2180","4","80"
"2181","5","85"
"2182","2","90"
"2183","3","95"
"2184","4","10"
"2185","5","15"
"2186","2","20"
"2187","3","25"
"2188","4","30"
"2189","5","35"
"2190","2","40"
"2191","3","45"
"2192","4","50"
"2193","5","55"
"2194","2","60"
"2195","3","65"
"2196","4","70"
"2197","5","75"
"2198","2","80"
"2199","3","85"
"2200","4","90"
"2201","5","95"
"2202","2","10"
"2203","3","15"
"2204","4","20"
"2205","5","25"
"2206","2","30"
"2207","3","35"
"2208","4","40"
"2209","5","45"
"2210","2","50"
"2211","3","55"
"2212","4","60"
"2213","5","65"
"2214","2","70"
"2215","3","75"
"2216","4","80"
"2217","5","85"
"2218","2","90"
"2219","3","95"
"2220","4","10"
"2221","5","15"
"2222","2","20"
"2223","3","25"
"2224","4","30"
"2225","5","35"
"2226","2","40"
"2227","3","45"
"2228","4","50"
"2229","5","55"
"2230","2","60"
"2231","3","65"
"2232","4","70"
"2233","5","75"
"2234","2","80"
"2235","3","85"
"2236","4","90"
"2237","5","95"
"2238","2","10"
"2239","3","15"
"2240","4","20"
"2241","5","25"
"2242","2","30"
"2243","3","35"
"2244","4","40"
"2245","5","45"
"2246","2","50"
"2247","3","55"
"2248","4","60"
"2249","5","65"
"2250","2","70"
"2251","3","75"
"2252","4","80"
"2253","5","85"
"2254","2","90"
"2255","3","95"
"2256","4","10"
"2257","5","15"
"2258","2","20"
"2259","3","25"
"2260","4","30"
"2261","5","35"
"2262","2","40"
"2263","3","45"
"2264","4","50"
"2265","5","55"
"2266","2","60"
"2267","3","65"
"2268","4","70"
"2269","5","75"
"2270","2","80"
"2271","3","85"
"2272","4","90"
"2273","5","95"
"2274","2","10"
"2275","3","15"
"2276","4","20"
"2277","5","25"
"2278","2","30"
"2279","3","35"
"2280","4","40"
"2281","5","45"
"2282","2","50"
"2283","3","55"
"2284","4","60"
"2285","5","65"
"2286","2","70"
"2287","3","75"
"2288","4","80"
"2289","5","85"
"2290","2","90"
"2291","3","95"
"2292","4","10"
"2293","5","15"
"2294","2","20"
"2295","3","25"
"2296","4","30"
"2297","5","35"
"2298","2","40"
"2299","3","45"
"2300","4","50"
"2301","5","55"
"2302","2","60"
"2303","3","65"
"2304","4","70"
"2305","5","75"
"2306","2","80"
"2307","3","85"
"2308","4","90"
"2309","5","95"
"2310","2","10"
"2311","3","15"
"2312","4","20"
"2313","5","25"
"2314","2","30"
"2315","3","35"
"2316","4","40"
"2317","5","45"
"2318","2","50"
"2319","3","55"
"2320","4","60"
"2321","5","65"
"2322","2","70"
"2323","3","75"
"2324","4","80"
"2325","5","85"
"2326","2","90"
"2327","3","95"
"2328","4","10"
"2329","5","15"
"2330","2","20"
"2331","3","25"
"2332","4","30"
"2333","5","35"
"2334","2","40"
"2335","3","45"
"2336","4","50"
"2337","5","55"
"2338","2","60"
"2339","3","65"
"2340","4","70"
"2341","5","75"
"2342","2","80"
"2343","3","85"
"2344","4","90"
"2345","5","95"
"2346","2","10"
"2347","3","15"
"2348","4","20"
"2349","5","25"
"2350","2","30"
"2351","3","35"
"2352","4","40"
"2353","5","45"
"2354","2","50"
"2355","3","55"
"2356","4","60"
"2357","5","65"
"2358","2","70"
"2359","3","75"
"2360","4","80"
"2361","5","85"
"2362","2","90"
"2363","3","95"
"2364","4","10"
"2365","5","15"
"2366","2","20"
"2367","3","25"
"2368","4","30"
"2369","5","35"
"2370","2","40"
"2371","3","45"
"2372","4","50"
"2373","5","55"
"2374","2","60"
"2375","3","65"
"2376","4","70"
"2377","5","75"
"2378","2","80"
"2379","3","85"
"2380","4","90"
"2381","5","95"
"2382","2","10"
"2383","3","15"
"2384","4","20"
"2385","5","25"
"2386","2","30"
"2387","3","35"
"2388","4","40"
"2389","5","45"
"2390","2","50"
"2391","3","55"
"2392","4","60"
"2393","5","65"
"2394","2","70"
"2395","3","75"
"2396","4","80"
"2397","5","85"
"2398","2","90"
"2399","3","95"
"2400","4","10"
"2401","5","15"
"2402","2","20"
"2403","3","25"
"2404","4","30"
"2405","5","35"
"2406","2","40"
"2407","3","45"
"2408","4","50"
"2409","5","55"
"2410","2","60"
"2411","3","65"
"2412","4","70"
"2413","5","75"
"2414","2","80"
"2415","3","85"
"2416","4","90"
"2417","5","95"
"2418","2","10"
"2419","3","15"
"2420","4","20"
"2421","5","25"
"2422","2","30"
"2423","3","35"
"2424","4","40"
"2425","5","45"
"2426","2","50"
"2427","3","55"
"2428","4","60"
"2429","5","65"
"2430","2","70"
"2431","3","75"
"2432","4","80"
"2433","5","85"
"2434","2","90"
"2435","3","95"
"2436","4","10"
"2437","5","15"
"2438","2","20"
"2439","3","25"
"2440","4","30"
"2441","5","35"
"2442","2","40"
"2443","3","45"
"2444","4","50"
"2445","5","55"
"2446","2","60"
"2447","3","65"
"2448","4","70"
"2449","5","75"
"2450","2","80"
"2451","3","85"
"2452","4","90"
"2453","5","95"
"2454","2","10"
"2455","3","15"
"2456","4","20"
"2457","5","25"
"2458","2","30"
"2459","3","35"
"2460","4","40"
"2461","5","45"
"2462","2","50"
"2463","3","55"
"2464","4","60"
"2465","5","65"
"2466","2","70"
"2467","3","75"
"2468","4","80"
"2469","5","85"
"2470","2","90"
"2471","3","95"
"2472","4","10"
"2473","5","15"
"2474","2","20"
"2475","3","25"
"2476","4","30"
"2477","5","35"
"2478","2","40"
"2479","3","45"
"2480","4","50"
"2481","5","55"
"2482","2","60"
"2483","3","65"
"2484","4","70"
"2485","5","75"
"2486","2","80"
"2487","3","85"
"2488","4","90"
"2489","5","95"
"2490","2","10"
"2491","3","15"
"2492","4","20"
"2493","5","25"
"2494","2","30"
"2495","3","35"
"2496","4","40"
"2497","5","45"
"2498","2","50"
"2499","3","55"
"2500","4","60"
"2501","5","65"
"2502","2","70"
"2503","3","75"
"2504","4","80"
"2505","5","85"
"2506","2","90"
"2507","3","95"
"2508","4","10"
"2509","5","15"
"2510","2","20"
"2511","3","25"
"2512","4","30"
"2513","5","35"
"2514","2","40"
"2515","3","45"
"2516","4","50"
"2517","5","55"
"2518","2","60"
"2519","3","65"
"2520","4","70"
"2521","5","75"
"2522","2","80"
"2523","3","85"
"2524","4","90"
"2525","5","95"
"2526","2","10"
"2527","3","15"
"2528","4","20"
"2529","5","25"
"2530","2","30"
"2531","3","35"
"2532","4","40"
"2533","5","45"
"2534","2","50"
"2535","3","55"
"2536","4","60"
"2537","5","65"
"2538","2","70"
"2539","3","75"
"2540","4","80"
"2541","5","85"
"2542","2","90"
"2543","3","95"
"2544","4","10"
"2545","5","15"
"2546","2","20"
"2547","3","25"
"2548","4","30"
"2549","5","35"
"2550","2","40"
"2551","3","45"
"2552","4","50"
"2553","5","55"
"2554","2","60"
"2555","3","65"
"2556","4","70"
"2557","5","75"
"2558","2","80"
"2559","3","85"
"2560","4","90"
"2561","5","95"
"2562","2","10"
"2563","3","15"
"2564","4","20"
"2565","5","25"
"2566","2","30"
"2567","3","35"
"2568","4","40"
"2569","5","45"
"2570","2","50"
"2571","3","55"
"2572","4","60"
"2573","5","65"
"2574","2","70"
"2575","3","75"
"2576","4","80"
"2577","5","85"
"2578","2","90"
"2579","3","95"
"2580","4","10"
"2581","5","15"
"2582","2","20"
"2583","3","25"
"2584","4","30"
"2585","5","35"
"2586","2","40"
"2587","3","45"
"2588","4","50"
"2589","5","55"
"2590","2","60"
"2591","3","65"
"2592","4","70"
"2593","5","75"
"2594","2","80"
"2595","3","85"
"2596","4","90"
"2597","5","95"
"2598","2","10"
"2599","3","15"
"2600","4","20"
"2601","5","25"
"2602","2","30"
"2603","3","35"
"2604","4","40"
"2605","5","45"
"2606","2","50"
"2607","3","55"
"2608","4","60"
"2609","5","65"
"2610","2","70"
"2611","3","75"
"2612","4","80"
"2613","5","85"
"2614","2","90"
"2615","3","95"
"2616","4","10"
"2617","5","15"
"2618","2","20"
"2619","3","25"
"2620","4","30"
"2621","5","35"
"2622","2","40"
"2623","3","45"
"2624","4","50"
"2625","5","55"
"2626","2","60"
"2627","3","65"
"2628","4","70"
"2629","5","75"
"2630","2","80"
"2631","3","85"
"2632","4","90"
"2633","5","95"
"2634","2","10"
"2635","3","15"
"2636","4","20"
"2637","5","25"
"2638","2","30"
"2639","3","35"
"2640","4","40"
"2641","5","45"
"2642","2","50"
"2643","3","55"
"2644","4","60"
"2645","5","65"
"2646","2","70"
"2647","3","75"
"2648","4","80"
"2649","5","85"
"2650","2","90"
"2651","3","95"
"2652","4","10"
"2653","5","15"
"2654","2","20"
"2655","3","25"
"2656","4","30"
"2657","5","35"
"2658","2","40"
"2659","3","45"
"2660","4","50"
"2661","5","55"
"2662","2","60"
"2663","3","65"
"2664","4","70"
"2665","5","75"
"2666","2","80"
"2667","3","85"
"2668","4","90"
"2669","5","95"
"2670","2","10"
"2671","3","15"
"2672","4","20"
"2673","5","25"
"2674","2","30"
"2675","3","35"
"2676","4","40"
"2677","5","45"
"2678","2","50"
"2679","3","55"
"2680","4","60"
"2681","5","65"
"2682","2","70"
"2683","3","75"
"2684","4","80"
"2685","5","85"
"2686","2","90"
"2687","3","95"
"2688","4","10"
"2689","5","15"
"2690","2","20"
"2691","3","25"
"2692","4","30"
"2693","5","35"
"2694","2","40"
"2695","3","45"
"2696","4","50"
"2697","5","55"
"2698","2","60"
"2699","3","65"
"2700","4","70"
"2701","5","75"
"2702","2","80"
"2703","3","85"
"2704","4","90"
"2705","5","95"
"2706","2","10"
"2707","3","15"
"2708","4","20"
"2709","5","25"
"2710","2","30"
"2711","3","35"
"2712","4","40"
"2713","5","45"
"2714","2","50"
"2715","3","55"
"2716","4","60"
"2717","5","65"
"2718","2","70"
"2719","3","75"
"2720","4","80"
"2721","5","85"
"2722","2","90"
"2723","3","95"
"2724","4","10"
"2725","5","15"
"2726","2","20"
"2727","3","25"
"2728","4","30"
"2729","5","35"
"2730","2","40"
"2731","3","45"
"2732","4","50"
"2733","5","55"
"2734","2","60"
"2735","3","65"
"2736","4","70"
"2737","5","75"
"2738","2","80"
"2739","3","85"
"2740","4","90"
"2741","5","95"
"2742","2","10"
"2743","3","15"
"2744","4","20"
"2745","5","25"
"2746","2","30"
"2747","3","35"
"2748","4","40"
"2749","5","45"
"2750","2","50"
"2751","3","55"
"2752","4","60"
"2753","5","65"
"2754","2","70"
"2755","3","75"
"2756","4","80"
"2757","5","85"
"2758","2","90"
"2759","3","95"
"2760","4","10"
"2761","5","15"
"2762","2","20"
"2763","3","25"
"2764","4","30"
"2765","5","35"
"2766","2","40"
"2767","3","45"
"2768","4","50"
"2769","5","55"
"2770","2","60"
"2771","3","65"
"2772","4","70"
"2773","5","75"
"2774","2","80"
"2775","3","85"
"2776","4","90"
"2777","5","95"
"2778","2","10"
"2779","3","15"
"2780","4","20"
"2781","5","25"
"2782","2","30"
"2783","3","35"
"2784","4","40"
"2785","5","45"
"2786","2","50"
"2787","3","55"
"2788","4","60"
"2789","5","65"
"2790","2","70"
"2791","3","75"
"2792","4","80"
"2793","5","85"
"2794","2","90"
"2795","3","95"
"2796","4","10"
"2797","5","15"
"2798","2","20"
"2799","3","25"
"2800","4","30"
"2801","5","35"
"2802","2","40"
"2803","3","45"
"2804","4","50"
"2805","5","55"
"2806","2","60"
"2807","3","65"
"2808","4","70"
"2809","5","75"
"2810","2","80"
"2811","3","85"
"2812","4","90"
"2813","5","95"
"2814","2","10"
"2815","3","15"
"2816","4","20"
"2817","5","25"
"2818","2","30"
"2819","3","35"
"2820","4","40"
"2821","5","45"
"2822","2","50"
"2823","3","55"
"2824","4","60"
"2825","5","65"
"2826","2","70"
"2827","3","75"
"2828","4","80"
"2829","5","85"
"2830","2","90"
"2831","3","95"
"2832","4","10"
"2833","5","15"
"2834","2","20"
"2835","3","25"
"2836","4","30"
"2837","5","35"
"2838","2","40"
"2839","3","45"
"2840","4","50"
"2841","5","55"
"2842","2","60"
"2843","3","65"
"2844","4","70"
"2845","5","75"
"2846","2","80"
"2847","3","85"
"2848","4","90"
"2849","5","95"
"2850","2","10"
"2851","3","15"
"2852","4","20"
"2853","5","25"
"2854","2","30"
"2855","3","35"
"2856","4","40"
"2857","5","45"
"2858","2","50"
"2859","3","55"
"2860","4","60"
"2861","5","65"
"2862","2","70"
"2863","3","75"
"2864","4","80"
"2865","5","85"
"2866","2","90"
"2867","3","95"
"2868","4","10"
"2869","5","15"
"2870","2","20"
"2871","3","25"
"2872","4","30"
"2873","5","35"
"2874","2","40"
"2875","3","45"
"2876","4","50"
"2877","5","55"
"2878","2","60"
"2879","3","65"
"2880","4","70"
"2881","5","75"
"2882","2","80"
"2883","3","85"
"2884","4","90"
"2885","5","95"
"2886","2","10"
"2887","3","15"
"2888","4","20"
"2889","5","25"
"2890","2","30"
"2891","3","35"
"2892","4","40"
"2893","5","45"
"2894","2","50"
"2895","3","55"
"2896","4","60"
"2897","5","65"
"2898","2","70"
"2899","3","75"
"2900","4","80"
"2901","5","85"
"2902","2","90"
"2903","3","95"
"2904","4","10"
"2905","5","15"
"2906","2","20"
"2907","3","25"
"2908","4","30"
"2909","5","35"
"2910","2","40"
"2911","3","45"
"2912","4","50"
"2913","5","55"
"2914","2","60"
"2915","3","65"
"2916","4","70"
"2917","5","75"
"2918","2","80"
"2919","3","85"
"2920","4","90"
"2921","5","95"
"2922","2","10"
"2923","3","15"
"2924","4","20"
"2925","5","25"
"2926","2","30"
"2927","3","35"
"2928","4","40"
"2929","5","45"
"2930","2","50"
"2931","3","55"
"2932","4","60"
"2933","5","65"
"2934","2","70"
"2935","3","75"
"2936","4","80"
"2937","5","85"
"2938","2","90"
"2939","3","95"
"2940","4","10"
"2941","5","15"
"2942","2","20"
"2943","3","25"
"2944","4","30"
"2945","5","35"
"2946","2","40"
"2947","3","45"
"2948","4","50"
"2949","5","55"
"2950","2","60"
"2951","3","65"
"2952","4","70"
"2953","5","75"
"2954","2","80"
"2955","3","85"
"2956","4","90"
"2957","5","95"
"2958","2","10"
"2959","3","15"
"2960","4","20"
"2961","5","25"
"2962","2","30"
"2963","3","35"
"2964","4","40"
"2965","5","45"
"2966","2","50"
"2967","3","55"
"2968","4","60"
"2969","5","65"
"2970","2","70"
"2971","3","75"
"2972","4","80"
"2973","5","85"
"2974","2","90"
"2975","3","95"
"2976","4","10"
"2977","5","15"
"2978","2","20"
"2979","3","25"
"2980","4","30"
"2981","5","35"
"2982","2","40"
"2983","3","45"
"2984","4","50"
"2985","5","55"
"2986","2","60"
"2987","3","65"
"2988","4","70"
"2989","5","75"
"2990","2","80"
"2991","3","85"
"2992","4","90"
"2993","5","95"
"2994","2","10"
"2995","3","15"
"2996","4","20"
"2997","5","25"
"2998","2","30"
"2999","3","35"
"3000","4","40"
"3001","5","45"
"3002","2","50"
"3003","3","55"
"3004","4","60"
"3005","5","65"
"3006","2","70"
"3007","3","75"
"3008","4","80"
"3009","5","85"
"3010","2","90"
"3011","3","95"
"3012","4","10"
"3013","5","15"
"3014","2","20"
"3015","3","25"
"3016","4","30"
"3017","5","35"
"3018","2","40"
"3019","3","45"
"3020","4","50"
"3021","5","55"
"3022","2","60"
"3023","3","65"
"3024","4","70"
"3025","5","75"
"3026","2","80"
"3027","3","85"
"3028","4","90"
"3029","5","95"
"3030","2","10"
"3031","3","15"
"3032","4","20"
"3033","5","25"
"3034","2","30"
"3035","3","35"
"3036","4","40"
"3037","5","45"
"3038","2","50"
"3039","3","55"
"3040","4","60"
"3041","5","65"
"3042","2","70"
"3043","3","75"
"3044","4","80"
"3045","5","85"
"3046","2","90"
"3047","3","95"
"3048","4","10"
"3049","5","15"
"3050","2","20"
"3051","3","25"
"3052","4","30"
"3053","5","35"
"3054","2","40"
"3055","3","45"
"3056","4","50"
"3057","5","55"
"3058","2","60"
"3059","3","65"
"3060","4","70"
"3061","5","75"
"3062","2","80"
"3063","3","85"
"3064","4","90"
"3065","5","95"
"3066","2","10"
"3067","3","15"
"3068","4","20"
"3069","5","25"
"3070","2","30"
"3071","3","35"
"3072","4","40"
"3073","5","45"
"3074","2","50"
"3075","3","55"
"3076","4","60"
"3077","5","65"
"3078","2","70"
"3079","3","75"
"3080","4","80"
"3081","5","85"
"3082","2","90"
"3083","3","95"
"3084","4","10"
"3085","5","15"
"3086","2","20"
"3087","3","25"
"3088","4","30"
"3089","5","35"
"3090","2","40"
"3091","3","45"
"3092","4","50"
"3093","5","55"
"3094","2","60"
"3095","3","65"
"3096","4","70"
"3097","5","75"
"3098","2","80"
"3099","3","85"
"3100","4","90"
"3101","5","95"
"3102","2","10"
"3103","3","15"
"3104","4","20"
"3105","5","25"
"3106","2","30"
"3107","3","35"
"3108","4","40"
"3109","5","45"
"3110","2","50"
"3111","3","55"
"3112","4","60"
"3113","5","65"
"3114","2","70"
"3115","3","75"
"3116","4","80"
"3117","5","85"
"3118","2","90"
"3119","3","95"
"3120","4","10"
"3121","5","15"
"3122","2","20"
"3123","3","25"
"3124","4","30"
"3125","5","35"
"3126","2","40"
"3127","3","45"
"3128","4","50"
"3129","5","55"
"3130","2","60"
"3131","3","65"
"3132","4","70"
"3133","5","75"
"3134","2","80"
"3135","3","85"
"3136","4","90"
"3137","5","95"
"3138","2","10"
"3139","3","15"
"3140","4","20"
"3141","5","25"
"3142","2","30"
"3143","3","35"
"3144","4","40"
"3145","5","45"
"3146","2","50"
"3147","3","55"
"3148","4","60"
"3149","5","65"
"3150","2","70"
"3151","3","75"
"3152","4","80"
"3153","5","85"
"3154","2","90"
"3155","3","95"
"3156","4","10"
"3157","5","15"
"3158","2","20"
"3159","3","25"
"3160","4","30"
"3161","5","35"
"3162","2","40"
"3163","3","45"
"3164","4","50"
"3165","5","55"
"3166","2","60"
"3167","3","65"
"3168","4","70"
"3169","5","75"
"3170","2","80"
"3171","3","85"
"3172","4","90"
"3173","5","95"
"3174","2","10"
"3175","3","15"
"3176","4","20"
"3177","5","25"
"3178","2","30"
"3179","3","35"
"3180","4","40"
"3181","5","45"
"3182","2","50"
"3183","3","55"
"3184","4","60"
"3185","5","65"
"3186","2","70"
"3187","3","75"
"3188","4","80"
"3189","5","85"
"3190","2","90"
"3191","3","95"
"3192","4","10"
"3193","5","15"
"3194","2","20"
"3195","3","25"
"3196","4","30"
"3197","5","35"
"3198","2","40"
"3199","3","45"
"3200","4","50"
"3201","5","55"
"3202","2","60"
"3203","3","65"
"3204","4","70"
"3205","5","75"
"3206","2","80"
"3207","3","85"
"3208","4","90"
"3209","5","95"
"3210","2","10"
"3211","3","15"
"3212","4","20"
"3213","5","25"
"3214","2","30"
"3215","3","35"
"3216","4","40"
"3217","5","45"
"3218","2","50"
"3219","3","55"
"3220","4","60"
"3221","5","65"
"3222","2","70"
"3223","3","75"
"3224","4","80"
"3225","5","85"
"3226","2","90"
"3227","3","95"
"3228","4","10"
"3229","5","15"
"3230","2","20"
"3231","3","25"
"3232","4","30"
"3233","5","35"
"3234","2","40"
"3235","3","45"
"3236","4","50"
"3237","5","55"
"3238","2","60"
"3239","3","65"
"3240","4","70"
"3241","5","75"
"3242","2","80"
"3243","3","85"
"3244","4","90"
"3245","5","95"
"3246","2","10"
"3247","3","15"
"3248","4","20"
"3249","5","25"
"3250","2","30"
"3251","3","35"
"3252","4","40"
"3253","5","45"
"3254","2","50"
"3255","3","55"
"3256","4","60"
"3257","5","65"
"3258","2","70"
"3259","3","75"
"3260","4","80"
"3261","5","85"
"3262","2","90"
"3263","3","95"
"3264","4","10"
"3265","5","15"
"3266","2","20"
"3267","3","25"
"3268","4","30"
"3269","5","35"
"3270","2","40"
"3271","3","45"
"3272","4","50"
"3273","5","55"
"3274","2","60"
"3275","3","65"
"3276","4","70"
"3277","5","75"
"3278","2","80"
"3279","3","85"
"3280","4","90"
"3281","5","95"
"3282","2","10"
"3283","3","15"
"3284","4","20"
"3285","5","25"
"3286","2","30"
"3287","3","35"
"3288","4","40"
"3289","5","45"
"3290","2","50"
"3291","3","55"
"3292","4","60"
"3293","5","65"
"3294","2","70"
"3295","3","75"
"3296","4","80"
"3297","5","85"
"3298","2","90"
"3299","3","95"
"3300","4","10"
"3301","5","15"
"3302","2","20"
"3303","3","25"
"3304","4","30"
"3305","5","35"
"3306","2","40"
"3307","3","45"
"3308","4","50"
"3309","5","55"
"3310","2","60"
"3311","3","65"
"3312","4","70"
"3313","5","75"
"3314","2","80"
"3315","3","85"
"3316","4","90"
"3317","5","95"
"3318","2","10"
"3319","3","15"
"3320","4","20"
"3321","5","25"
"3322","2","30"
"3323","3","35"
"3324","4","40"
"3325","5","45"
"3326","2","50"
"3327","3","55"
"3328","4","60"
"3329","5","65"
"3330","2","70"
"3331","3","75"
"3332","4","80"
"3333","5","85"
"3334","2","90"
"3335","3","95"
"3336","4","10"
"3337","5","15"
"3338","2","20"
"3339","3","25"
"3340","4","30"
"3341","5","35"
"3342","2","40"
"3343","3","45"
"3344","4","50"
"3345","5","55"
"3346","2","60"
"3347","3","65"
"3348","4","70"
"3349","5","75"
"3350","2","80"
"3351","3","85"
"3352","4","90"
"3353","5","95"
"3354","2","10"
"3355","3","15"
"3356","4","20"
"3357","5","25"
"3358","2","30"
"3359","3","35"
"3360","4","40"
"3361","5","45"
"3362","2","50"
"3363","3","55"
"3364","4","60"
"3365","5","65"
"3366","2","70"
"3367","3","75"
"3368","4","80"
"3369","5","85"
"3370","2","90"
"3371","3","95"
"3372","4","10"
"3373","5","15"
"3374","2","20"
"3375","3","25"
"3376","4","30"
"3377","5","35"
"3378","2","40"
"3379","3","45"
"3380","4","50"
"3381","5","55"
"3382","2","60"
"3383","3","65"
"3384","4","70"
"3385","5","75"
"3386","2","80"
"3387","3","85"
"3388","4","90"
"3389","5","95"
"3390","2","10"
"3391","3","15"
"3392","4","20"
"3393","5","25"
"3394","2","30"
"3395","3","35"
"3396","4","40"
"3397","5","45"
"3398","2","50"
"3399","3","55"
"3400","4","60"
"3401","5","65"
"3402","2","70"
"3403","3","75"
"3404","4","80"
"3405","5","85"
"3406","2","90"
"3407","3","95"
"3408","4","10"
"3409","5","15"
"3410","2","20"
"3411","3","25"
"3412","4","30"
"3413","5","35"
"3414","2","40"
"3415","3","45"
"3416","4","50"
"3417","5","55"
"3418","2","60"
"3419","3","65"
"3420","4","70"
"3421","5","75"
"3422","2","80"
"3423","3","85"
"3424","4","90"
"3425","5","95"
"3426","2","10"
"3427","3","15"
"3428","4","20"
"3429","5","25"
"3430","2","30"
"3431","3","35"
"3432","4","40"
"3433","5","45"
"3434","2","50"
"3435","3","55"
"3436","4","60"
"3437","5","65"
"3438","2","70"
"3439","3","75"
"3440","4","80"
"3441","5","85"
"3442","2","90"
"3443","3","95"
"3444","4","10"
"3445","5","15"
"3446","2","20"
"3447","3","25"
"3448","4","30"
"3449","5","35"
"3450","2","40"
"3451","3","45"
"3452","4","50"
"3453","5","55"
"3454","2","60"
"3455","3","65"
"3456","4","70"
"3457","5","75"
"3458","2","80"
"3459","3","85"
"3460","4","90"
"3461","5","95"
"3462","2","10"
"3463","3","15"
"3464","4","20"
"3465","5","25"
"3466","2","30"
"3467","3","35"
"3468","4","40"
"3469","5","45"
"3470","2","50"
"3471","3","55"
"3472","4","60"
"3473","5","65"
"3474","2","70"
"3475","3","75"
"3476","4","80"
"3477","5","85"
"3478","2","90"
"3479","3","95"
"3480","4","10"
"3481","5","15"
"3482","2","20"
"3483","3","25"
"3484","4","30"
"3485","5","35"
"3486","2","40"
"3487","3","45"
"3488","4","50"
"3489","5","55"
"3490","2","60"
"3491","3","65"
"3492","4","70"
"3493","5","75"
"3494","2","80"
"3495","3","85"
"3496","4","90"
"3497","5","95"
"3498","2","10"
"3499","3","15"
"3500","4","20"
"3501","5","25"
"3502","2","30"
"3503","3","35"
"3504","4","40"
"3505","5","45"
"3506","2","50"
"3507","3","55"
"3508","4","60"
"3509","5","65"
"3510","2","70"
"3511","3","75"
"3512","4","80"
"3513","5","85"
"3514","2","90"
"3515","3","95"
"3516","4","10"
"3517","5","15"
"3518","2","20"
"3519","3","25"
"3520","4","30"
"3521","5","35"
"3522","2","40"
"3523","3","45"
"3524","4","50"
"3525","5","55"
"3526","2","60"
"3527","3","65"
"3528","4","70"
"3529","5","75"
"3530","2","80"
"3531","3","85"
"3532","4","90"
"3533","5","95"
"3534","2","10"
"3535","3","15"
"3536","4","20"
"3537","5","25"
"3538","2","30"
"3539","3","35"
"3540","4","40"
"3541","5","45"
"3542","2","50"
"3543","3","55"
"3544","4","60"
"3545","5","65"
"3546","2","70"
"3547","3","75"
"3548","4","80"
"3549","5","85"
"3550","2","90"
"3551","3","95"
"3552","4","10"
"3553","5","15"
"3554","2","20"
"3555","3","25"
"3556","4","30"
"3557","5","35"
"3558","2","40"
"3559","3","45"
"3560","4","50"
"3561","5","55"
"3562","2","60"
"3563","3","65"
"3564","4","70"
"3565","5","75"
"3566","2","80"
"3567","3","85"
"3568","4","90"
"3569","5","95"
"3570","2","10"
"3571","3","15"
"3572","4","20"
"3573","5","25"
"3574","2","30"
"3575","3","35"
"3576","4","40"
"3577","5","45"
"3578","2","50"
"3579","3","55"
"3580","4","60"
"3581","5","65"
"3582","2","70"
"3583","3","75"
"3584","4","80"
"3585","5","85"
"3586","2","90"
"3587","3","95"
"3588","4","10"
"3589","5","15"
"3590","2","20"
"3591","3","25"
"3592","4","30"
"3593","5","35"
"3594","2","40"
"3595","3","45"
"3596","4","50"
"3597","5","55"
"3598","2","60"
"3599","3","65"
"3600","4","70"
"3601","5","75"
"3602","2","80"
"3603","3","85"
"3604","4","90"
"3605","5","95"
"3606","2","10"
"3607","3","15"
"3608","4","20"
"3609","5","25"
"3610","2","30"
"3611","3","35"
"3612","4","40"
"3613","5","45"
"3614","2","50"
"3615","3","55"
"3616","4","60"
"3617","5","65"
"3618","2","70"
"3619","3","75"
"3620","4","80"
"3621","5","85"
"3622","2","90"
"3623","3","95"
"3624","4","10"
"3625","5","15"
"3626","2","20"
"3627","3","25"
"3628","4","30"
"3629","5","35"
"3630","2","40"
"3631","3","45"
"3632","4","50"
"3633","5","55"
"3634","2","60"
"3635","3","65"
"3636","4","70"
"3637","5","75"
"3638","2","80"
"3639","3","85"
"3640","4","90"
"3641","5","95"
"3642","2","10"
"3643","3","15"
"3644","4","20"
"3645","5","25"
"3646","2","30"
"3647","3","35"
"3648","4","40"
"3649","5","45"
"3650","2","50"
"3651","3","55"
"3652","4","60"
"3653","5","65"
"3654","2","70"
"3655","3","75"
"3656","4","80"
"3657","5","85"
"3658","2","90"
"3659","3","95"
"3660","4","10"
"3661","5","15"
"3662","2","20"
"3663","3","25"
"3664","4","30"
"3665","5","35"
"3666","2","40"
"3667","3","45"
"3668","4","50"
"3669","5","55"
"3670","2","60"
"3671","3","65"
"3672","4","70"
"3673","5","75"
"3674","2","80"
"3675","3","85"
"3676","4","90"
"3677","5","95"
"3678","2","10"
"3679","3","15"
"3680","4","20"
"3681","5","25"
"3682","2","30"
"3683","3","35"
"3684","4","40"
"3685","5","45"
"3686","2","50"
"3687","3","55"
"3688","4","60"
"3689","5","65"
"3690","2","70"
"3691","3","75"
"3692","4","80"
"3693","5","85"
"3694","2","90"
"3695","3","95"
"3696","4","10"
"3697","5","15"
"3698","2","20"
"3699","3","25"
"3700","4","30"
"3701","5","35"
"3702","2","40"
"3703","3","45"
"3704","4","50"
"3705","5","55"
"3706","2","60"
"3707","3","65"
"3708","4","70"
"3709","5","75"
"3710","2","80"
"3711","3","85"
"3712","4","90"
"3713","5","95"
"3714","2","10"
"3715","3","15"
"3716","4","20"
"3717","5","25"
"3718","2","30"
"3719","3","35"
"3720","4","40"
"3721","5","45"
"3722","2","50"
"3723","3","55"
"3724","4","60"
"3725","5","65"
"3726","2","70"
"3727","3","75"
"3728","4","80"
"3729","5","85"
"3730","2","90"
"3731","3","95"
"3732","4","10"
"3733","5","15"
"3734","2","20"
"3735","3","25"
"3736","4","30"
"3737","5","35"
"3738","2","40"
"3739","3","45"
"3740","4","50"
"3741","5","55"
"3742","2","60"
"3743","3","65"
"3744","4","70"
"3745","5","75"
"3746","2","80"
"3747","3","85"
"3748","4","90"
"3749","5","95"
"3750","2","10"
"3751","3","15"
"3752","4","20"
"3753","5","25"
"3754","2","30"
"3755","3","35"
"3756","4","40"
"3757","5","45"
"3758","2","50"
"3759","3","55"
"3760","4","60"
"3761","5","65"
"3762","2","70"
"3763","3","75"
"3764","4","80"
"3765","5","85"
"3766","2","90"
"3767","3","95"
"3768","4","10"
"3769","5","15"
"3770","2","20"
"3771","3","25"
"3772","4","30"
"3773","5","35"
"3774","2","40"
"3775","3","45"
"3776","4","50"
"3777","5","55"
"3778","2","60"
"3779","3","65"
"3780","4","70"
"3781","5","75"
"3782","2","80"
"3783","3","85"
"3784","4","90"
"3785","5","95"
"3786","2","10"
"3787","3","15"
"3788","4","20"
"3789","5","25"
"3790","2","30"
"3791","3","35"
"3792","4","40"
"3793","5","45"
"3794","2","50"
"3795","3","55"
"3796","4","60"
"3797","5","65"
"3798","2","70"
"3799","3","75"
"3800","4","80"
"3801","5","85"
"3802","2","90"
"3803","3","95"
"3804","4","10"
"3805","5","15"
"3806","2","20"
"3807","3","25"
"3808","4","30"
"3809","5","35"
"3810","2","40"
"3811","3","45"
"3812","4","50"
"3813","5","55"
"3814","2","60"
"3815","3","65"
"3816","4","70"
"3817","5","75"
"3818","2","80"
"3819","3","85"
"3820","4","90"
"3821","5","95"
"3822","2","10"
"3823","3","15"
"3824","4","20"
"3825","5","25"
"3826","2","30"
"3827","3","35"
"3828","4","40"
"3829","5","45"
"3830","2","50"
"3831","3","55"
"3832","4","60"
"3833","5","65"
"3834","2","70"
"3835","3","75"
"3836","4","80"
"3837","5","85"
"3838","2","90"
"3839","3","95"
"3840","4","10"
"3841","5","15"
"3842","2","20"
"3843","3","25"
"3844","4","30"
"3845","5","35"
"3846","2","40"
"3847","3","45"
"3848","4","50"
"3849","5","55"
"3850","2","60"
"3851","3","65"
"3852","4","70"
"3853","5","75"
"3854","2","80"
"3855","3","85"
"3856","4","90"
"3857","5","95"
"3858","2","10"
"3859","3","15"
"3860","4","20"
"3861","5","25"
"3862","2","30"
"3863","3","35"
"3864","4","40"
"3865","5","45"
"3866","2","50"
"3867","3","55"
"3868","4","60"
"3869","5","65"
"3870","2","70"
"3871","3","75"
"3872","4","80"
"3873","5","85"
"3874","2","90"
"3875","3","95"
"3876","4","10"
"3877","5","15"
"3878","2","20"
"3879","3","25"
"3880","4","30"
"3881","5","35"
"3882","2","40"
"3883","3","45"
"3884","4","50"
"3885","5","55"
"3886","2","60"
"3887","3","65"
"3888","4","70"
"3889","5","75"
"3890","2","80"
"3891","3","85"
"3892","4","90"
"3893","5","95"
"3894","2","10"
"3895","3","15"
"3896","4","20"
"3897","5","25"
"3898","2","30"
"3899","3","35"
"3900","4","40"
"3901","5","45"
"3902","2","50"
"3903","3","55"
"3904","4","60"
"3905","5","65"
"3906","2","70"
"3907","3","75"
"3908","4","80"
"3909","5","85"
"3910","2","90"
"3911","3","95"
"3912","4","10"
"3913","5","15"
"3914","2","20"
"3915","3","25"
"3916","4","30"
"3917","5","35"
"3918","2","40"
"3919","3","45"
"3920","4","50"
"3921","5","55"
"3922","2","60"
"3923","3","65"
"3924","4","70"
"3925","5","75"
"3926","2","80"
"3927","3","85"
"3928","4","90"
"3929","5","95"
"3930","2","10"
"3931","3","15"
"3932","4","20"
"3933","5","25"
"3934","2","30"
"3935","3","35"
"3936","4","40"
"3937","5","45"
"3938","2","50"
"3939","3","55"
"3940","4","60"
"3941","5","65"
"3942","2","70"
"3943","3","75"
"3944","4","80"
"3945","5","85"
"3946","2","90"
"3947","3","95"
"3948","4","10"
"3949","5","15"
"3950","2","20"
"3951","3","25"
"3952","4","30"
"3953","5","35"
"3954","2","40"
"3955","3","45"
"3956","4","50"
"3957","5","55"
"3958","2","60"
"3959","3","65"
"3960","4","70"
"3961","5","75"
"3962","2","80"
"3963","3","85"
"3964","4","90"
"3965","5","95"
"3966","2","10"
"3967","3","15"
"3968","4","20"
"3969","5","25"
"3970","2","30"
"3971","3","35"
"3972","4","40"
"3973","5","45"
"3974","2","50"
"3975","3","55"
"3976","4","60"
"3977","5","65"
"3978","2","70"
"3979","3","75"
"3980","4","80"
"3981","5","85"
"3982","2","90"
"3983","3","95"
"3984","4","10"
"3985","5","15"
"3986","2","20"
"3987","3","25"
"3988","4","30"
"3989","5","35"
"3990","2","40"
"3991","3","45"
"3992","4","50"
"3993","5","55"
"3994","2","60"
"3995","3","65"
"3996","4","70"
"3997","5","75"
"3998","2","80"
"3999","3","85"
"4000","4","90"
"4001","5","95"
"4002","2","10"
"4003","3","15"
"4004","4","20"
"4005","5","25"
"4006","2","30"
"4007","3","35"
"4008","4","40"
"4009","5","45"
"4010","2","50"
"4011","3","55"
"4012","4","60"
"4013","5","65"
"4014","2","70"
"4015","3","75"
"4016","4","80"
"4017","5","85"
"4018","2","90"
"4019","3","95"
"4020","4","10"
"4021","5","15"
"4022","2","20"
"4023","3","25"
"4024","4","30"
"4025","5","35"
"4026","2","40"
"4027","3","45"
"4028","4","50"
"4029","5","55"
"4030","2","60"
"4031","3","65"
"4032","4","70"
"4033","5","75"
"4034","2","80"
"4035","3","85"
"4036","4","90"
"4037","5","95"
"4038","2","10"
"4039","3","15"
"4040","4","20"
"4041","5","25"
"4042","2","30"
"4043","3","35"
"4044","4","40"
"4045","5","45"
"4046","2","50"
"4047","3","55"
"4048","4","60"
"4049","5","65"
"4050","2","70"
"4051","3","75"
"4052","4","80"
"4053","5","85"
"4054","2","90"
"4055","3","95"
"4056","4","10"
"4057","5","15"
"4058","2","20"
"4059","3","25"
"4060","4","30"
"4061","5","35"
"4062","2","40"
"4063","3","45"
"4064","4","50"
"4065","5","55"
"4066","2","60"
"4067","3","65"
"4068","4","70"
"4069","5","75"
"4070","2","80"
"4071","3","85"
"4072","4","90"
"4073","5","95"
"4074","2","10"
"4075","3","15"
"4076","4","20"
"4077","5","25"
"4078","2","30"
"4079","3","35"
"4080","4","40"
"4081","5","45"
"4082","2","50"
"4083","3","55"
"4084","4","60"
"4085","5","65"
"4086","2","70"
"4087","3","75"
"4088","4","80"
"4089","5","85"
"4090","2","90"
"4091","3","95"
"4092","4","10"
"4093","5","15"
"4094","2","20"
"4095","3","25"
"4096","4","30"
"4097","5","35"
"4098","2","40"
"4099","3","45"
"4100","4","50"
"4101","5","55"
"4102","2","60"
"4103","3","65"
"4104","4","70"
"4105","5","75"
"4106","2","80"
"4107","3","85"
"4108","4","90"
"4109","5","95"
"4110","2","10"
"4111","3","15"
"4112","4","20"
"4113","5","25"
"4114","2","30"
"4115","3","35"
"4116","4","40"
"4117","5","45"
"4118","2","50"
"4119","3","55"
"4120","4","60"
"4121","5","65"
"4122","2","70"
"4123","3","75"
"4124","4","80"
"4125","5","85"
"4126","2","90"
"4127","3","95"
"4128","4","10"
"4129","5","15"
"4130","2","20"
"4131","3","25"
"4132","4","30"
"4133","5","35"
"4134","2","40"
"4135","3","45"
"4136","4","50"
"4137","5","55"
"4138","2","60"
"4139","3","65"
"4140","4","70"
"4141","5","75"
"4142","2","80"
"4143","3","85"
"4144","4","90"
"4145","5","95"
"4146","2","10"
"4147","3","15"
"4148","4","20"
"4149","5","25"
"4150","2","30"
"4151","3","35"
"4152","4","40"
"4153","5","45"
"4154","2","50"
"4155","3","55"
"4156","4","60"
"4157","5","65"
"4158","2","70"
"4159","3","75"
"4160","4","80"
"4161","5","85"
"4162","2","90"
"4163","3","95"
"4164","4","10"
"4165","5","15"
"4166","2","20"
"4167","3","25"
"4168","4","30"
"4169","5","35"
"4170","2","40"
"4171","3","45"
"4172","4","50"
"4173","5","55"
"4174","2","60"
"4175","3","65"
"4176","4","70"
"4177","5","75"
"4178","2","80"
"4179","3","85"
"4180","4","90"
"4181","5","95"
"4182","2","10"
"4183","3","15"
"4184","4","20"
"4185","5","25"
"4186","2","30"
"4187","3","35"
"4188","4","40"
"4189","5","45"
"4190","2","50"
"4191","3","55"
"4192","4","60"
"4193","5","65"
"4194","2","70"
"4195","3","75"
"4196","4","80"
"4197","5","85"
"4198","2","90"
"4199","3","95"
"4200","4","10"
"4201","5","15"
"4202","2","20"
"4203","3","25"
"4204","4","30"
"4205","5","35"
"4206","2","40"
"4207","3","45"
"4208","4","50"
"4209","5","55"
"4210","2","60"
"4211","3","65"
"4212","4","70"
"4213","5","75"
"4214","2","80"
"4215","3","85"
"4216","4","90"
"4217","5","95"
"4218","2","10"
"4219","3","15"
"4220","4","20"
"4221","5","25"
"4222","2","30"
"4223","3","35"
"4224","4","40"
"4225","5","45"
"4226","2","50"
"4227","3","55"
"4228","4","60"
"4229","5","65"
"4230","2","70"
"4231","3","75"
"4232","4","80"
"4233","5","85"
"4234","2","90"
"4235","3","95"
"4236","4","10"
"4237","5","15"
"4238","2","20"
"4239","3","25"
"4240","4","30"
"4241","5","35"
"4242","2","40"
"4243","3","45"
"4244","4","50"
"4245","5","55"
"4246","2","60"
"4247","3","65"
"4248","4","70"
"4249","5","75"
"4250","2","80"
"4251","3","85"
"4252","4","90"
"4253","5","95"
"4254","2","10"
"4255","3","15"
"4256","4","20"
"4257","5","25"
"4258","2","30"
"4259","3","35"
"4260","4","40"
"4261","5","45"
"4262","2","50"
"4263","3","55"
"4264","4","60"
"4265","5","65"
"4266","2","70"
"4267","3","75"
"4268","4","80"
"4269","5","85"
"4270","2","90"
"4271","3","95"
"4272","4","10"
"4273","5","15"
"4274","2","20"
"4275","3","25"
"4276","4","30"
"4277","5","35"
"4278","2","40"
"4279","3","45"
"4280","4","50"
"4281","5","55"
"4282","2","60"
"4283","3","65"
"4284","4","70"
"4285","5","75"
"4286","2","80"
"4287","3","85"
"4288","4","90"
"4289","5","95"
"4290","2","10"
"4291","3","15"
"4292","4","20"
"4293","5","25"
"4294","2","30"
"4295","3","35"
"4296","4","40"
"4297","5","45"
"4298","2","50"
"4299","3","55"
"4300","4","60"
"4301","5","65"
"4302","2","70"
"4303","3","75"
"4304","4","80"
"4305","5","85"
"4306","2","90"
"4307","3","95"
"4308","4","10"
"4309","5","15"
"4310","2","20"
"4311","3","25"
"4312","4","30"
"4313","5","35"
"4314","2","40"
"4315","3","45"
"4316","4","50"
"4317","5","55"
"4318","2","60"
"4319","3","65"
"4320","4","70"
"4321","5","75"
"4322","2","80"
"4323","3","85"
"4324","4","90"
"4325","5","95"
"4326","2","10"
"4327","3","15"
"4328","4","20"
"4329","5","25"
"4330","2","30"
"4331","3","35"
"4332","4","40"
"4333","5","45"
"4334","2","50"
"4335","3","55"
"4336","4","60"
"4337","5","65"
"4338","2","70"
"4339","3","75"
"4340","4","80"
"4341","5","85"
"4342","2","90"
"4343","3","95"
"4344","4","10"
"4345","5","15"
"4346","2","20"
"4347","3","25"
"4348","4","30"
"4349","5","35"
"4350","2","40"
"4351","3","45"
"4352","4","50"
"4353","5","55"
"4354","2","60"
"4355","3","65"
"4356","4","70"
"4357","5","75"
"4358","2","80"
"4359","3","85"
"4360","4","90"
"4361","5","95"
"4362","2","10"
"4363","3","15"
"4364","4","20"
"4365","5","25"
"4366","2","30"
"4367","3","35"
"4368","4","40"
"4369","5","45"
"4370","2","50"
"4371","3","55"
"4372","4","60"
"4373","5","65"
"4374","2","70"
"4375","3","75"
"4376","4","80"
"4377","5","85"
"4378","2","90"
"4379","3","95"
"4380","4","10"
"4381","5","15"
"4382","2","20"
"4383","3","25"
"4384","4","30"
"4385","5","35"
"4386","2","40"
"4387","3","45"
"4388","4","50"
"4389","5","55"
"4390","2","60"
"4391","3","65"
"4392","4","70"
"4393","5","75"
"4394","2","80"
"4395","3","85"
"4396","4","90"
"4397","5","95"
"4398","2","10"
"4399","3","15"
"4400","4","20"
"4401","5","25"
"4402","2","30"
"4403","3","35"
"4404","4","40"
"4405","5","45"
"4406","2","50"
"4407","3","55"
"4408","4","60"
"4409","5","65"
"4410","2","70"
"4411","3","75"
"4412","4","80"
"4413","5","85"
"4414","2","90"
"4415","3","95"
"4416","4","10"
"4417","5","15"
"4418","2","20"
"4419","3","25"
"4420","4","30"
"4421","5","35"
"4422","2","40"
"4423","3","45"
"4424","4","50"
"4425","5","55"
"4426","2","60"
"4427","3","65"
"4428","4","70"
"4429","5","75"
"4430","2","80"
"4431","3","85"
"4432","4","90"
"4433","5","95"
"4434","2","10"
"4435","3","15"
"4436","4","20"
"4437","5","25"
"4438","2","30"
"4439","3","35"
"4440","4","40"
"4441","5","45"
"4442","2","50"
"4443","3","55"
"4444","4","60"
"4445","5","65"
"4446","2","70"
"4447","3","75"
"4448","4","80"
"4449","5","85"
"4450","2","90"
"4451","3","95"
"4452","4","10"
"4453","5","15"
"4454","2","20"
"4455","3","25"
"4456","4","30"
"4457","5","35"
"4458","2","40"
"4459","3","45"
"4460","4","50"
"4461","5","55"
"4462","2","60"
"4463","3","65"
"4464","4","70"
"4465","5","75"
"4466","2","80"
"4467","3","85"
"4468","4","90"
"4469","5","95"
"4470","2","10"
"4471","3","15"
"4472","4","20"
"4473","5","25"
"4474","2","30"
"4475","3","35"
"4476","4","40"
"4477","5","45"
"4478","2","50"
"4479","3","55"
"4480","4","60"
"4481","5","65"
"4482","2","70"
"4483","3","75"
"4484","4","80"
"4485","5","85"
"4486","2","90"
"4487","3","95"
"4488","4","10"
"4489","5","15"
"4490","2","20"
"4491","3","25"
"4492","4","30"
"4493","5","35"
"4494","2","40"
"4495","3","45"
"4496","4","50"
"4497","5","55"
"4498","2","60"
"4499","3","65"
"4500","4","70"
"4501","5","75"
"4502","2","80"
"4503","3","85"
"4504","4","90"
"4505","5","95"
"4506","2","10"
"4507","3","15"
"4508","4","20"
"4509","5","25"
"4510","2","30"
"4511","3","35"
"4512","4","40"
"4513","5","45"
"4514","2","50"
"4515","3","55"
"4516","4","60"
"4517","5","65"
"4518","2","70"
"4519","3","75"
"4520","4","80"
"4521","5","85"
"4522","2","90"
"4523","3","95"
"4524","4","10"
"4525","5","15"
"4526","2","20"
"4527","3","25"
"4528","4","30"
"4529","5","35"
"4530","2","40"
"4531","3","45"
"4532","4","50"
"4533","5","55"
"4534","2","60"
"4535","3","65"
"4536","4","70"
"4537","5","75"
"4538","2","80"
"4539","3","85"
"4540","4","90"
"4541","5","95"
"4542","2","10"
"4543","3","15"
"4544","4","20"
"4545","5","25"
"4546","2","30"
"4547","3","35"
"4548","4","40"
"4549","5","45"
"4550","2","50"
"4551","3","55"
"4552","4","60"
"4553","5","65"
"4554","2","70"
"4555","3","75"
"4556","4","80"
"4557","5","85"
"4558","2","90"
"4559","3","95"
"4560","4","10"
"4561","5","15"
"4562","2","20"
"4563","3","25"
"4564","4","30"
"4565","5","35"
"4566","2","40"
"4567","3","45"
"4568","4","50"
"4569","5","55"
"4570","2","60"
"4571","3","65"
"4572","4","70"
"4573","5","75"
"4574","2","80"
"4575","3","85"
"4576","4","90"
"4577","5","95"
"4578","2","10"
"4579","3","15"
"4580","4","20"
"4581","5","25"
"4582","2","30"
"4583","3","35"
"4584","4","40"
"4585","5","45"
"4586","2","50"
"4587","3","55"
"4588","4","60"
"4589","5","65"
"4590","2","70"
"4591","3","75"
"4592","4","80"
"4593","5","85"
"4594","2","90"
"4595","3","95"
"4596","4","10"
"4597","5","15"
"4598","2","20"
"4599","3","25"
"4600","4","30"
"4601","5","35"
"4602","2","40"
"4603","3","45"
"4604","4","50"
"4605","5","55"
"4606","2","60"
"4607","3","65"
"4608","4","70"
"4609","5","75"
"4610","2","80"
"4611","3","85"
"4612","4","90"
"4613","5","95"
"4614","2","10"
"4615","3","15"
"4616","4","20"
"4617","5","25"
"4618","2","30"
"4619","3","35"
"4620","4","40"
"4621","5","45"
"4622","2","50"
"4623","3","55"
"4624","4","60"
"4625","5","65"
"4626","2","70"
"4627","3","75"
"4628","4","80"
"4629","5","85"
"4630","2","90"
"4631","3","95"
"4632","4","10"
"4633","5","15"
"4634","2","20"
"4635","3","25"
"4636","4","30"
"4637","5","35"
"4638","2","40"
"4639","3","45"
"4640","4","50"
"4641","5","55"
"4642","2","60"
"4643","3","65"
"4644","4","70"
"4645","5","75"
"4646","2","80"
"4647","3","85"
"4648","4","90"
"4649","5","95"
"4650","2","10"
"4651","3","15"
"4652","4","20"
"4653","5","25"
"4654","2","30"
"4655","3","35"
"4656","4","40"
"4657","5","45"
"4658","2","50"
"4659","3","55"
"4660","4","60"
"4661","5","65"
"4662","2","70"
"4663","3","75"
"4664","4","80"
"4665","5","85"
"4666","2","90"
"4667","3","95"
"4668","4","10"
"4669","5","15"
"4670","2","20"
"4671","3","25"
"4672","4","30"
"4673","5","35"
"4674","2","40"
"4675","3","45"
"4676","4","50"
"4677","5","55"
"4678","2","60"
"4679","3","65"
"4680","4","70"
"4681","5","75"
"4682","2","80"
"4683","3","85"
"4684","4","90"
"4685","5","95"
"4686","2","10"
"4687","3","15"
"4688","4","20"
"4689","5","25"
"4690","2","30"
"4691","3","35"
"4692","4","40"
"4693","5","45"
"4694","2","50"
"4695","3","55"
"4696","4","60"
"4697","5","65"
"4698","2","70"
"4699","3","75"
"4700","4","80"
"4701","5","85"
"4702","2","90"
"4703","3","95"
"4704","4","10"
"4705","5","15"
"4706","2","20"
"4707","3","25"
"4708","4","30"
"4709","5","35"
"4710","2","40"
"4711","3","45"
"4712","4","50"
"4713","5","55"
"4714","2","60"
"4715","3","65"
"4716","4","70"
"4717","5","75"
"4718","2","80"
"4719","3","85"
"4720","4","90"
"4721","5","95"
"4722","2","10"
"4723","3","15"
"4724","4","20"
"4725","5","25"
"4726","2","30"
"4727","3","35"
"4728","4","40"
"4729","5","45"
"4730","2","50"
"4731","3","55"
"4732","4","60"
"4733","5","65"
"4734","2","70"
"4735","3","75"
"4736","4","80"
"4737","5","85"
"4738","2","90"
"4739","3","95"
"4740","4","10"
"4741","5","15"
"4742","2","20"
"4743","3","25"
"4744","4","30"
"4745","5","35"
"4746","2","40"
"4747","3","45"
"4748","4","50"
"4749","5","55"
"4750","2","60"
"4751","3","65"
"4752","4","70"
"4753","5","75"
"4754","2","80"
"4755","3","85"
"4756","4","90"
"4757","5","95"
"4758","2","10"
"4759","3","15"
"4760","4","20"
"4761","5","25"
"4762","2","30"
"4763","3","35"
"4764","4","40"
"4765","5","45"
"4766","2","50"
"4767","3","55"
"4768","4","60"
"4769","5","65"
"4770","2","70"
"4771","3","75"
"4772","4","80"
"4773","5","85"
"4774","2","90"
"4775","3","95"
"4776","4","10"
"4777","5","15"
"4778","2","20"
"4779","3","25"
"4780","4","30"
"4781","5","35"
"4782","2","40"
"4783","3","45"
"4784","4","50"
"4785","5","55"
"4786","2","60"
"4787","3","65"
"4788","4","70"
"4789","5","75"
"4790","2","80"
"4791","3","85"
"4792","4","90"
"4793","5","95"
"4794","2","10"
"4795","3","15"
"4796","4","20"
"4797","5","25"
"4798","2","30"
"4799","3","35"
"4800","4","40"
"4801","5","45"
"4802","2","50"
"4803","3","55"
"4804","4","60"
"4805","5","65"
"4806","2","70"
"4807","3","75"
"4808","4","80"
"4809","5","85"
"4810","2","90"
"4811","3","95"
"4812","4","10"
"4813","5","15"
"4814","2","20"
"4815","3","25"
"4816","4","30"
"4817","5","35"
"4818","2","40"
"4819","3","45"
"4820","4","50"
"4821","5","55"
"4822","2","60"
"4823","3","65"
"4824","4","70"
"4825","5","75"
"4826","2","80"
"4827","3","85"
"4828","4","90"
"4829","5","95"
"4830","2","10"
"4831","3","15"
"4832","4","20"
"4833","5","25"
"4834","2","30"
"4835","3","35"
"4836","4","40"
"4837","5","45"
"4838","2","50"
"4839","3","55"
"4840","4","60"
"4841","5","65"
"4842","2","70"
"4843","3","75"
"4844","4","80"
"4845","5","85"
"4846","2","90"
"4847","3","95"
"4848","4","10"
"4849","5","15"
"4850","2","20"
"4851","3","25"
"4852","4","30"
"4853","5","35"
"4854","2","40"
"4855","3","45"
"4856","4","50"
"4857","5","55"
"4858","2","60"
"4859","3","65"
"4860","4","70"
"4861","5","75"
"4862","2","80"
"4863","3","85"
"4864","4","90"
"4865","5","95"
"4866","2","10"
"4867","3","15"
"4868","4","20"
"4869","5","25"
"4870","2","30"
"4871","3","35"
"4872","4","40"
"4873","5","45"
"4874","2","50"
"4875","3","55"
"4876","4","60"
"4877","5","65"
"4878","2","70"
"4879","3","75"
"4880","4","80"
"4881","5","85"
"4882","2","90"
"4883","3","95"
"4884","4","10"
"4885","5","15"
"4886","2","20"
"4887","3","25"
"4888","4","30"
"4889","5","35"
"4890","2","40"
"4891","3","45"
"4892","4","50"
"4893","5","55"
"4894","2","60"
"4895","3","65"
"4896","4","70"
"4897","5","75"
"4898","2","80"
"4899","3","85"
"4900","4","90"
"4901","5","95"
"4902","2","10"
"4903","3","15"
"4904","4","20"
"4905","5","25"
"4906","2","30"
"4907","3","35"
"4908","4","40"
"4909","5","45"
"4910","2","50"
"4911","3","55"
"4912","4","60"
"4913","5","65"
"4914","2","70"
"4915","3","75"
"4916","4","80"
"4917","5","85"
"4918","2","90"
"4919","3","95"
"4920","4","10"
"4921","5","15"
"4922","2","20"
"4923","3","25"
"4924","4","30"
"4925","5","35"
"4926","2","40"
"4927","3","45"
"4928","4","50"
"4929","5","55"
"4930","2","60"
"4931","3","65"
"4932","4","70"
"4933","5","75"
"4934","2","80"
"4935","3","85"
"4936","4","90"
"4937","5","95"
"4938","2","10"
"4939","3","15"
"4940","4","20"
"4941","5","25"
"4942","2","30"
"4943","3","35"
"4944","4","40"
"4945","5","45"
"4946","2","50"
"4947","3","55"
"4948","4","60"
"4949","5","65"
"4950","2","70"
"4951","3","75"
"4952","4","80"
"4953","5","85"
"4954","2","90"
"4955","3","95"
"4956","4","10"
"4957","5","15"
"4958","2","20"
"4959","3","25"
"4960","4","30"
"4961","5","35"
"4962","2","40"
"4963","3","45"
"4964","4","50"
"4965","5","55"
"4966","2","60"
"4967","3","65"
"4968","4","70"
"4969","5","75"
"4970","2","80"
"4971","3","85"
"4972","4","90"
"4973","5","95"
"4974","2","10"
"4975","3","15"
"4976","4","20"
"4977","5","25"
"4978","2","30"
"4979","3","35"
"4980","4","40"
"4981","5","45"
"4982","2","50"
"4983","3","55"
"4984","4","60"
"4985","5","65"
"4986","2","70"
"4987","3","75"
"4988","4","80"
"4989","5","85"
"4990","2","90"
"4991","3","95"
"4992","4","10"
"4993","5","15"
"4994","2","20"
"4995","3","25"
"4996","4","30"
"4997","5","35"
"4998","2","40"
"4999","3","45"
"5000","4","50"
"5001","5","55"
"5002","2","60"
"5003","3","65"
"5004","4","70"
"5005","5","75"
