"5","2000-5-4","2013-1-18","Electrician apprentice","Lorem ipsum dolor sit amet, consectetuer adipiscing elit. Maecenas porttitor congue massa. Fusce posuere, magna sed pulvinar ultricies, purus lectus malesuada libero, sit amet commodo magna eros quis urna.Nunc viverra imperdiet enim. Fusce est. Vivamus a tellus.","Electrician"
"6","2014-12-3","2015-11-12","Marketing apprentice","Lorem ipsum dolor sit amet, consectetuer adipiscing elit. Maecenas porttitor congue massa. Fusce posuere, magna sed pulvinar ultricies, purus lectus malesuada libero, sit amet commodo magna eros quis urna.Nunc viverra imperdiet enim. Fusce est. Vivamus a tellus.","Marketing"
"7","2000-1-24","2001-3-10","Cleaner apprentice","Lorem ipsum dolor sit amet, consectetuer adipiscing elit. Maecenas porttitor congue massa. Fusce posuere, magna sed pulvinar ultricies, purus lectus malesuada libero, sit amet commodo magna eros quis urna.Nunc viverra imperdiet enim. Fusce est. Vivamus a tellus.","Cleaner"
"8","2000-6-18","2017-6-12","Designer apprentice","Lorem ipsum dolor sit amet, consectetuer adipiscing elit. Maecenas porttitor congue massa. Fusce posuere, magna sed pulvinar ultricies, purus lectus malesuada libero, sit amet commodo magna eros quis urna.Nunc viverra imperdiet enim. Fusce est. Vivamus a tellus.","Designer"
"9","2000-4-23","2007-10-26","Cleaner apprentice","Lorem ipsum dolor sit amet, consectetuer adipiscing elit. Maecenas porttitor congue massa. Fusce posuere, magna sed pulvinar ultricies, purus lectus malesuada libero, sit amet commodo magna eros quis urna.Nunc viverra imperdiet enim. Fusce est. Vivamus a tellus.","Cleaner"
"10","2003-1-25","2015-2-24","Cleaner apprentice","Lorem ipsum dolor sit amet, consectetuer adipiscing elit. Maecenas porttitor congue massa. Fusce posuere, magna sed pulvinar ultricies, purus lectus malesuada libero, sit amet commodo magna eros quis urna.Nunc viverra imperdiet enim. Fusce est. Vivamus a tellus.","Cleaner"
"11","2000-1-15","2005-10-22","Marketing apprentice","Lorem ipsum dolor sit amet, consectetuer adipiscing elit. Maecenas porttitor congue massa. Fusce posuere, magna sed pulvinar ultricies, purus lectus malesuada libero, sit amet commodo magna eros quis urna.Nunc viverra imperdiet enim. Fusce est. Vivamus a tellus.","Marketing"
"12","2008-8-12","2013-11-26","Cleaner apprentice","Lorem ipsum dolor sit amet, consectetuer adipiscing elit. Maecenas porttitor congue massa. Fusce posuere, magna sed pulvinar ultricies, purus lectus malesuada libero, sit amet commodo magna eros quis urna.Nunc viverra imperdiet enim. Fusce est. Vivamus a tellus.","Cleaner"
"13","2006-2-11","2012-12-27","Electrician apprentice","Lorem ipsum dolor sit amet, consectetuer adipiscing elit. Maecenas porttitor congue massa. Fusce posuere, magna sed pulvinar ultricies, purus lectus malesuada libero, sit amet commodo magna eros quis urna.Nunc viverra imperdiet enim. Fusce est. Vivamus a tellus.","Electrician"
"14","2004-5-26","2010-9-16","Designer apprentice","Lorem ipsum dolor sit amet, consectetuer adipiscing elit. Maecenas porttitor congue massa. Fusce posuere, magna sed pulvinar ultricies, purus lectus malesuada libero, sit amet commodo magna eros quis urna.Nunc viverra imperdiet enim. Fusce est. Vivamus a tellus.","Designer"
"15","2012-5-13","2015-8-27","Designer apprentice","Lorem ipsum dolor sit amet, consectetuer adipiscing elit. Maecenas porttitor congue massa. Fusce posuere, magna sed pulvinar ultricies, purus lectus malesuada libero, sit amet commodo magna eros quis urna.Nunc viverra imperdiet enim. Fusce est. Vivamus a tellus.","Designer"
"16","2001-7-21","2012-3-11","Cleaner apprentice","Lorem ipsum dolor sit amet, consectetuer adipiscing elit. Maecenas porttitor congue massa. Fusce posuere, magna sed pulvinar ultricies, purus lectus malesuada libero, sit amet commodo magna eros quis urna.Nunc viverra imperdiet enim. Fusce est. Vivamus a tellus.","Cleaner"
"17","2004-7-9","2016-9-28","Marketing apprentice","Lorem ipsum dolor sit amet, consectetuer adipiscing elit. Maecenas porttitor congue massa. Fusce posuere, magna sed pulvinar ultricies, purus lectus malesuada libero, sit amet commodo magna eros quis urna.Nunc viverra imperdiet enim. Fusce est. Vivamus a tellus.","Marketing"
"18","2008-9-7","2013-11-6","Cleaner apprentice","Lorem ipsum dolor sit amet, consectetuer adipiscing elit. Maecenas porttitor congue massa. Fusce posuere, magna sed pulvinar ultricies, purus lectus malesuada libero, sit amet commodo magna eros quis urna.Nunc viverra imperdiet enim. Fusce est. Vivamus a tellus.","Cleaner"
"19","2000-4-2","2014-11-18","Electrician apprentice","Lorem ipsum dolor sit amet, consectetuer adipiscing elit. Maecenas porttitor congue massa. Fusce posuere, magna sed pulvinar ultricies, purus lectus malesuada libero, sit amet commodo magna eros quis urna.Nunc viverra imperdiet enim. Fusce est. Vivamus a tellus.","Electrician"
"20","2000-11-2","2001-3-22","Programer apprentice","Lorem ipsum dolor sit amet, consectetuer adipiscing elit. Maecenas porttitor congue massa. Fusce posuere, magna sed pulvinar ultricies, purus lectus malesuada libero, sit amet commodo magna eros quis urna.Nunc viverra imperdiet enim. Fusce est. Vivamus a tellus.","Programer"
"21","2000-3-28","2006-4-7","Electrician apprentice","Lorem ipsum dolor sit amet, consectetuer adipiscing elit. Maecenas porttitor congue massa. Fusce posuere, magna sed pulvinar ultricies, purus lectus malesuada libero, sit amet commodo magna eros quis urna.Nunc viverra imperdiet enim. Fusce est. Vivamus a tellus.","Electrician"
"22","2013-3-20","2016-12-4","Programer apprentice","Lorem ipsum dolor sit amet, consectetuer adipiscing elit. Maecenas porttitor congue massa. Fusce posuere, magna sed pulvinar ultricies, purus lectus malesuada libero, sit amet commodo magna eros quis urna.Nunc viverra imperdiet enim. Fusce est. Vivamus a tellus.","Programer"
"23","2004-9-23","2006-9-11","Programer apprentice","Lorem ipsum dolor sit amet, consectetuer adipiscing elit. Maecenas porttitor congue massa. Fusce posuere, magna sed pulvinar ultricies, purus lectus malesuada libero, sit amet commodo magna eros quis urna.Nunc viverra imperdiet enim. Fusce est. Vivamus a tellus.","Programer"
"24","2000-3-25","2002-8-11","Programer apprentice","Lorem ipsum dolor sit amet, consectetuer adipiscing elit. Maecenas porttitor congue massa. Fusce posuere, magna sed pulvinar ultricies, purus lectus malesuada libero, sit amet commodo magna eros quis urna.Nunc viverra imperdiet enim. Fusce est. Vivamus a tellus.","Programer"
"25","2000-5-3","2008-8-21","Marketing apprentice","Lorem ipsum dolor sit amet, consectetuer adipiscing elit. Maecenas porttitor congue massa. Fusce posuere, magna sed pulvinar ultricies, purus lectus malesuada libero, sit amet commodo magna eros quis urna.Nunc viverra imperdiet enim. Fusce est. Vivamus a tellus.","Marketing"
"26","2000-3-23","2016-3-18","Designer apprentice","Lorem ipsum dolor sit amet, consectetuer adipiscing elit. Maecenas porttitor congue massa. Fusce posuere, magna sed pulvinar ultricies, purus lectus malesuada libero, sit amet commodo magna eros quis urna.Nunc viverra imperdiet enim. Fusce est. Vivamus a tellus.","Designer"
"27","2002-9-14","2014-5-15","Programer apprentice","Lorem ipsum dolor sit amet, consectetuer adipiscing elit. Maecenas porttitor congue massa. Fusce posuere, magna sed pulvinar ultricies, purus lectus malesuada libero, sit amet commodo magna eros quis urna.Nunc viverra imperdiet enim. Fusce est. Vivamus a tellus.","Programer"
"28","2001-8-4","2006-12-7","Electrician apprentice","Lorem ipsum dolor sit amet, consectetuer adipiscing elit. Maecenas porttitor congue massa. Fusce posuere, magna sed pulvinar ultricies, purus lectus malesuada libero, sit amet commodo magna eros quis urna.Nunc viverra imperdiet enim. Fusce est. Vivamus a tellus.","Electrician"
"29","2011-4-4","2016-11-22","Designer apprentice","Lorem ipsum dolor sit amet, consectetuer adipiscing elit. Maecenas porttitor congue massa. Fusce posuere, magna sed pulvinar ultricies, purus lectus malesuada libero, sit amet commodo magna eros quis urna.Nunc viverra imperdiet enim. Fusce est. Vivamus a tellus.","Designer"
"30","2000-12-7","2011-7-27","Marketing apprentice","Lorem ipsum dolor sit amet, consectetuer adipiscing elit. Maecenas porttitor congue massa. Fusce posuere, magna sed pulvinar ultricies, purus lectus malesuada libero, sit amet commodo magna eros quis urna.Nunc viverra imperdiet enim. Fusce est. Vivamus a tellus.","Marketing"
"31","2000-4-27","2013-5-20","Marketing apprentice","Lorem ipsum dolor sit amet, consectetuer adipiscing elit. Maecenas porttitor congue massa. Fusce posuere, magna sed pulvinar ultricies, purus lectus malesuada libero, sit amet commodo magna eros quis urna.Nunc viverra imperdiet enim. Fusce est. Vivamus a tellus.","Marketing"
"32","2000-10-14","2009-11-4","Electrician apprentice","Lorem ipsum dolor sit amet, consectetuer adipiscing elit. Maecenas porttitor congue massa. Fusce posuere, magna sed pulvinar ultricies, purus lectus malesuada libero, sit amet commodo magna eros quis urna.Nunc viverra imperdiet enim. Fusce est. Vivamus a tellus.","Electrician"
"33","2000-3-28","2011-11-13","Designer apprentice","Lorem ipsum dolor sit amet, consectetuer adipiscing elit. Maecenas porttitor congue massa. Fusce posuere, magna sed pulvinar ultricies, purus lectus malesuada libero, sit amet commodo magna eros quis urna.Nunc viverra imperdiet enim. Fusce est. Vivamus a tellus.","Designer"
"34","2000-7-13","2016-12-1","Electrician apprentice","Lorem ipsum dolor sit amet, consectetuer adipiscing elit. Maecenas porttitor congue massa. Fusce posuere, magna sed pulvinar ultricies, purus lectus malesuada libero, sit amet commodo magna eros quis urna.Nunc viverra imperdiet enim. Fusce est. Vivamus a tellus.","Electrician"
"35","2005-7-20","2013-12-9","Marketing apprentice","Lorem ipsum dolor sit amet, consectetuer adipiscing elit. Maecenas porttitor congue massa. Fusce posuere, magna sed pulvinar ultricies, purus lectus malesuada libero, sit amet commodo magna eros quis urna.Nunc viverra imperdiet enim. Fusce est. Vivamus a tellus.","Marketing"
"36","2002-11-14","2012-4-6","Designer apprentice","Lorem ipsum dolor sit amet, consectetuer adipiscing elit. Maecenas porttitor congue massa. Fusce posuere, magna sed pulvinar ultricies, purus lectus malesuada libero, sit amet commodo magna eros quis urna.Nunc viverra imperdiet enim. Fusce est. Vivamus a tellus.","Designer"
"37","2001-3-11","2013-12-27","Designer apprentice","Lorem ipsum dolor sit amet, consectetuer adipiscing elit. Maecenas porttitor congue massa. Fusce posuere, magna sed pulvinar ultricies, purus lectus malesuada libero, sit amet commodo magna eros quis urna.Nunc viverra imperdiet enim. Fusce est. Vivamus a tellus.","Designer"
"38","2006-10-2","2008-9-20","Programer apprentice","Lorem ipsum dolor sit amet, consectetuer adipiscing elit. Maecenas porttitor congue massa. Fusce posuere, magna sed pulvinar ultricies, purus lectus malesuada libero, sit amet commodo magna eros quis urna.Nunc viverra imperdiet enim. Fusce est. Vivamus a tellus.","Programer"
"39","2001-6-11","2012-3-1","Designer apprentice","Lorem ipsum dolor sit amet, consectetuer adipiscing elit. Maecenas porttitor congue massa. Fusce posuere, magna sed pulvinar ultricies, purus lectus malesuada libero, sit amet commodo magna eros quis urna.Nunc viverra imperdiet enim. Fusce est. Vivamus a tellus.","Designer"
"40","2004-7-10","2013-5-4","Designer apprentice","Lorem ipsum dolor sit amet, consectetuer adipiscing elit. Maecenas porttitor congue massa. Fusce posuere, magna sed pulvinar ultricies, purus lectus malesuada libero, sit amet commodo magna eros quis urna.Nunc viverra imperdiet enim. Fusce est. Vivamus a tellus.","Designer"
"41","2000-7-9","2009-8-26","Designer apprentice","Lorem ipsum dolor sit amet, consectetuer adipiscing elit. Maecenas porttitor congue massa. Fusce posuere, magna sed pulvinar ultricies, purus lectus malesuada libero, sit amet commodo magna eros quis urna.Nunc viverra imperdiet enim. Fusce est. Vivamus a tellus.","Designer"
"42","2000-6-14","2003-6-1","Electrician apprentice","Lorem ipsum dolor sit amet, consectetuer adipiscing elit. Maecenas porttitor congue massa. Fusce posuere, magna sed pulvinar ultricies, purus lectus malesuada libero, sit amet commodo magna eros quis urna.Nunc viverra imperdiet enim. Fusce est. Vivamus a tellus.","Electrician"
"43","2001-6-5","2005-4-3","Marketing apprentice","Lorem ipsum dolor sit amet, consectetuer adipiscing elit. Maecenas porttitor congue massa. Fusce posuere, magna sed pulvinar ultricies, purus lectus malesuada libero, sit amet commodo magna eros quis urna.Nunc viverra imperdiet enim. Fusce est. Vivamus a tellus.","Marketing"
"44","2006-2-12","2016-8-1","Marketing apprentice","Lorem ipsum dolor sit amet, consectetuer adipiscing elit. Maecenas porttitor congue massa. Fusce posuere, magna sed pulvinar ultricies, purus lectus malesuada libero, sit amet commodo magna eros quis urna.Nunc viverra imperdiet enim. Fusce est. Vivamus a tellus.","Marketing"
"45","2000-3-24","2004-3-6","Programer apprentice","Lorem ipsum dolor sit amet, consectetuer adipiscing elit. Maecenas porttitor congue massa. Fusce posuere, magna sed pulvinar ultricies, purus lectus malesuada libero, sit amet commodo magna eros quis urna.Nunc viverra imperdiet enim. Fusce est. Vivamus a tellus.","Programer"
"46","2005-2-13","2011-1-16","Programer apprentice","Lorem ipsum dolor sit amet, consectetuer adipiscing elit. Maecenas porttitor congue massa. Fusce posuere, magna sed pulvinar ultricies, purus lectus malesuada libero, sit amet commodo magna eros quis urna.Nunc viverra imperdiet enim. Fusce est. Vivamus a tellus.","Programer"
"47","2009-2-11","2015-10-4","Electrician apprentice","Lorem ipsum dolor sit amet, consectetuer adipiscing elit. Maecenas porttitor congue massa. Fusce posuere, magna sed pulvinar ultricies, purus lectus malesuada libero, sit amet commodo magna eros quis urna.Nunc viverra imperdiet enim. Fusce est. Vivamus a tellus.","Electrician"
"48","2000-8-7","2012-10-27","Designer apprentice","Lorem ipsum dolor sit amet, consectetuer adipiscing elit. Maecenas porttitor congue massa. Fusce posuere, magna sed pulvinar ultricies, purus lectus malesuada libero, sit amet commodo magna eros quis urna.Nunc viverra imperdiet enim. Fusce est. Vivamus a tellus.","Designer"
"49","2000-2-5","2006-8-24","Marketing apprentice","Lorem ipsum dolor sit amet, consectetuer adipiscing elit. Maecenas porttitor congue massa. Fusce posuere, magna sed pulvinar ultricies, purus lectus malesuada libero, sit amet commodo magna eros quis urna.Nunc viverra imperdiet enim. Fusce est. Vivamus a tellus.","Marketing"
"50","2000-12-19","2006-3-7","Programer apprentice","Lorem ipsum dolor sit amet, consectetuer adipiscing elit. Maecenas porttitor congue massa. Fusce posuere, magna sed pulvinar ultricies, purus lectus malesuada libero, sit amet commodo magna eros quis urna.Nunc viverra imperdiet enim. Fusce est. Vivamus a tellus.","Programer"
"51","2000-8-17","2008-8-24","Marketing apprentice","Lorem ipsum dolor sit amet, consectetuer adipiscing elit. Maecenas porttitor congue massa. Fusce posuere, magna sed pulvinar ultricies, purus lectus malesuada libero, sit amet commodo magna eros quis urna.Nunc viverra imperdiet enim. Fusce est. Vivamus a tellus.","Marketing"
"52","2004-8-9","2013-6-22","Cleaner apprentice","Lorem ipsum dolor sit amet, consectetuer adipiscing elit. Maecenas porttitor congue massa. Fusce posuere, magna sed pulvinar ultricies, purus lectus malesuada libero, sit amet commodo magna eros quis urna.Nunc viverra imperdiet enim. Fusce est. Vivamus a tellus.","Cleaner"
"53","2000-7-26","2003-6-28","Designer apprentice","Lorem ipsum dolor sit amet, consectetuer adipiscing elit. Maecenas porttitor congue massa. Fusce posuere, magna sed pulvinar ultricies, purus lectus malesuada libero, sit amet commodo magna eros quis urna.Nunc viverra imperdiet enim. Fusce est. Vivamus a tellus.","Designer"
"54","2006-6-23","2008-5-27","Programer apprentice","Lorem ipsum dolor sit amet, consectetuer adipiscing elit. Maecenas porttitor congue massa. Fusce posuere, magna sed pulvinar ultricies, purus lectus malesuada libero, sit amet commodo magna eros quis urna.Nunc viverra imperdiet enim. Fusce est. Vivamus a tellus.","Programer"
"55","2000-3-3","2003-5-18","Programer apprentice","Lorem ipsum dolor sit amet, consectetuer adipiscing elit. Maecenas porttitor congue massa. Fusce posuere, magna sed pulvinar ultricies, purus lectus malesuada libero, sit amet commodo magna eros quis urna.Nunc viverra imperdiet enim. Fusce est. Vivamus a tellus.","Programer"
"56","2000-12-24","2009-7-11","Designer apprentice","Lorem ipsum dolor sit amet, consectetuer adipiscing elit. Maecenas porttitor congue massa. Fusce posuere, magna sed pulvinar ultricies, purus lectus malesuada libero, sit amet commodo magna eros quis urna.Nunc viverra imperdiet enim. Fusce est. Vivamus a tellus.","Designer"
"57","2004-11-17","2011-1-24","Marketing apprentice","Lorem ipsum dolor sit amet, consectetuer adipiscing elit. Maecenas porttitor congue massa. Fusce posuere, magna sed pulvinar ultricies, purus lectus malesuada libero, sit amet commodo magna eros quis urna.Nunc viverra imperdiet enim. Fusce est. Vivamus a tellus.","Marketing"
"58","2011-2-9","2012-4-21","Programer apprentice","Lorem ipsum dolor sit amet, consectetuer adipiscing elit. Maecenas porttitor congue massa. Fusce posuere, magna sed pulvinar ultricies, purus lectus malesuada libero, sit amet commodo magna eros quis urna.Nunc viverra imperdiet enim. Fusce est. Vivamus a tellus.","Programer"
"59","2000-11-1","2005-2-12","Electrician apprentice","Lorem ipsum dolor sit amet, consectetuer adipiscing elit. Maecenas porttitor congue massa. Fusce posuere, magna sed pulvinar ultricies, purus lectus malesuada libero, sit amet commodo magna eros quis urna.Nunc viverra imperdiet enim. Fusce est. Vivamus a tellus.","Electrician"
"60","2000-8-12","2001-7-28","Marketing apprentice","Lorem ipsum dolor sit amet, consectetuer adipiscing elit. Maecenas porttitor congue massa. Fusce posuere, magna sed pulvinar ultricies, purus lectus malesuada libero, sit amet commodo magna eros quis urna.Nunc viverra imperdiet enim. Fusce est. Vivamus a tellus.","Marketing"
"61","2006-5-27","2010-4-18","Marketing apprentice","Lorem ipsum dolor sit amet, consectetuer adipiscing elit. Maecenas porttitor congue massa. Fusce posuere, magna sed pulvinar ultricies, purus lectus malesuada libero, sit amet commodo magna eros quis urna.Nunc viverra imperdiet enim. Fusce est. Vivamus a tellus.","Marketing"
"62","2002-7-3","2006-2-10","Designer apprentice","Lorem ipsum dolor sit amet, consectetuer adipiscing elit. Maecenas porttitor congue massa. Fusce posuere, magna sed pulvinar ultricies, purus lectus malesuada libero, sit amet commodo magna eros quis urna.Nunc viverra imperdiet enim. Fusce est. Vivamus a tellus.","Designer"
"63","2000-5-15","2014-6-3","Programer apprentice","Lorem ipsum dolor sit amet, consectetuer adipiscing elit. Maecenas porttitor congue massa. Fusce posuere, magna sed pulvinar ultricies, purus lectus malesuada libero, sit amet commodo magna eros quis urna.Nunc viverra imperdiet enim. Fusce est. Vivamus a tellus.","Programer"
"64","2001-7-5","2003-1-12","Electrician apprentice","Lorem ipsum dolor sit amet, consectetuer adipiscing elit. Maecenas porttitor congue massa. Fusce posuere, magna sed pulvinar ultricies, purus lectus malesuada libero, sit amet commodo magna eros quis urna.Nunc viverra imperdiet enim. Fusce est. Vivamus a tellus.","Electrician"
"65","2000-10-5","2014-12-11","Electrician apprentice","Lorem ipsum dolor sit amet, consectetuer adipiscing elit. Maecenas porttitor congue massa. Fusce posuere, magna sed pulvinar ultricies, purus lectus malesuada libero, sit amet commodo magna eros quis urna.Nunc viverra imperdiet enim. Fusce est. Vivamus a tellus.","Electrician"
"66","2003-3-20","2009-11-5","Designer apprentice","Lorem ipsum dolor sit amet, consectetuer adipiscing elit. Maecenas porttitor congue massa. Fusce posuere, magna sed pulvinar ultricies, purus lectus malesuada libero, sit amet commodo magna eros quis urna.Nunc viverra imperdiet enim. Fusce est. Vivamus a tellus.","Designer"
"67","2009-9-17","2010-11-13","Marketing apprentice","Lorem ipsum dolor sit amet, consectetuer adipiscing elit. Maecenas porttitor congue massa. Fusce posuere, magna sed pulvinar ultricies, purus lectus malesuada libero, sit amet commodo magna eros quis urna.Nunc viverra imperdiet enim. Fusce est. Vivamus a tellus.","Marketing"
"68","2000-9-22","2008-6-12","Marketing apprentice","Lorem ipsum dolor sit amet, consectetuer adipiscing elit. Maecenas porttitor congue massa. Fusce posuere, magna sed pulvinar ultricies, purus lectus malesuada libero, sit amet commodo magna eros quis urna.Nunc viverra imperdiet enim. Fusce est. Vivamus a tellus.","Marketing"
"69","2003-8-15","2016-7-6","Designer apprentice","Lorem ipsum dolor sit amet, consectetuer adipiscing elit. Maecenas porttitor congue massa. Fusce posuere, magna sed pulvinar ultricies, purus lectus malesuada libero, sit amet commodo magna eros quis urna.Nunc viverra imperdiet enim. Fusce est. Vivamus a tellus.","Designer"
"70","2003-9-5","2008-4-1","Designer apprentice","Lorem ipsum dolor sit amet, consectetuer adipiscing elit. Maecenas porttitor congue massa. Fusce posuere, magna sed pulvinar ultricies, purus lectus malesuada libero, sit amet commodo magna eros quis urna.Nunc viverra imperdiet enim. Fusce est. Vivamus a tellus.","Designer"
"71","2000-9-16","2010-2-24","Marketing apprentice","Lorem ipsum dolor sit amet, consectetuer adipiscing elit. Maecenas porttitor congue massa. Fusce posuere, magna sed pulvinar ultricies, purus lectus malesuada libero, sit amet commodo magna eros quis urna.Nunc viverra imperdiet enim. Fusce est. Vivamus a tellus.","Marketing"
"72","2009-8-25","2014-5-12","Designer apprentice","Lorem ipsum dolor sit amet, consectetuer adipiscing elit. Maecenas porttitor congue massa. Fusce posuere, magna sed pulvinar ultricies, purus lectus malesuada libero, sit amet commodo magna eros quis urna.Nunc viverra imperdiet enim. Fusce est. Vivamus a tellus.","Designer"
"73","2000-10-20","2010-3-5","Designer apprentice","Lorem ipsum dolor sit amet, consectetuer adipiscing elit. Maecenas porttitor congue massa. Fusce posuere, magna sed pulvinar ultricies, purus lectus malesuada libero, sit amet commodo magna eros quis urna.Nunc viverra imperdiet enim. Fusce est. Vivamus a tellus.","Designer"
"74","2011-1-12","2014-11-15","Electrician apprentice","Lorem ipsum dolor sit amet, consectetuer adipiscing elit. Maecenas porttitor congue massa. Fusce posuere, magna sed pulvinar ultricies, purus lectus malesuada libero, sit amet commodo magna eros quis urna.Nunc viverra imperdiet enim. Fusce est. Vivamus a tellus.","Electrician"
"75","2000-12-24","2013-10-14","Cleaner apprentice","Lorem ipsum dolor sit amet, consectetuer adipiscing elit. Maecenas porttitor congue massa. Fusce posuere, magna sed pulvinar ultricies, purus lectus malesuada libero, sit amet commodo magna eros quis urna.Nunc viverra imperdiet enim. Fusce est. Vivamus a tellus.","Cleaner"
"76","2004-7-1","2012-8-12","Electrician apprentice","Lorem ipsum dolor sit amet, consectetuer adipiscing elit. Maecenas porttitor congue massa. Fusce posuere, magna sed pulvinar ultricies, purus lectus malesuada libero, sit amet commodo magna eros quis urna.Nunc viverra imperdiet enim. Fusce est. Vivamus a tellus.","Electrician"
"77","2006-6-9","2016-6-22","Cleaner apprentice","Lorem ipsum dolor sit amet, consectetuer adipiscing elit. Maecenas porttitor congue massa. Fusce posuere, magna sed pulvinar ultricies, purus lectus malesuada libero, sit amet commodo magna eros quis urna.Nunc viverra imperdiet enim. Fusce est. Vivamus a tellus.","Cleaner"
"78","2000-4-17","2008-12-9","Electrician apprentice","Lorem ipsum dolor sit amet, consectetuer adipiscing elit. Maecenas porttitor congue massa. Fusce posuere, magna sed pulvinar ultricies, purus lectus malesuada libero, sit amet commodo magna eros quis urna.Nunc viverra imperdiet enim. Fusce est. Vivamus a tellus.","Electrician"
"79","2004-1-16","2010-10-28","Marketing apprentice","Lorem ipsum dolor sit amet, consectetuer adipiscing elit. Maecenas porttitor congue massa. Fusce posuere, magna sed pulvinar ultricies, purus lectus malesuada libero, sit amet commodo magna eros quis urna.Nunc viverra imperdiet enim. Fusce est. Vivamus a tellus.","Marketing"
"80","2000-9-2","2016-2-14","Cleaner apprentice","Lorem ipsum dolor sit amet, consectetuer adipiscing elit. Maecenas porttitor congue massa. Fusce posuere, magna sed pulvinar ultricies, purus lectus malesuada libero, sit amet commodo magna eros quis urna.Nunc viverra imperdiet enim. Fusce est. Vivamus a tellus.","Cleaner"
"81","2000-12-10","2001-10-6","Designer apprentice","Lorem ipsum dolor sit amet, consectetuer adipiscing elit. Maecenas porttitor congue massa. Fusce posuere, magna sed pulvinar ultricies, purus lectus malesuada libero, sit amet commodo magna eros quis urna.Nunc viverra imperdiet enim. Fusce est. Vivamus a tellus.","Designer"
"82","2000-7-3","2015-12-25","Cleaner apprentice","Lorem ipsum dolor sit amet, consectetuer adipiscing elit. Maecenas porttitor congue massa. Fusce posuere, magna sed pulvinar ultricies, purus lectus malesuada libero, sit amet commodo magna eros quis urna.Nunc viverra imperdiet enim. Fusce est. Vivamus a tellus.","Cleaner"
"83","2004-10-14","2009-8-8","Designer apprentice","Lorem ipsum dolor sit amet, consectetuer adipiscing elit. Maecenas porttitor congue massa. Fusce posuere, magna sed pulvinar ultricies, purus lectus malesuada libero, sit amet commodo magna eros quis urna.Nunc viverra imperdiet enim. Fusce est. Vivamus a tellus.","Designer"
"84","2001-11-25","2011-3-25","Cleaner apprentice","Lorem ipsum dolor sit amet, consectetuer adipiscing elit. Maecenas porttitor congue massa. Fusce posuere, magna sed pulvinar ultricies, purus lectus malesuada libero, sit amet commodo magna eros quis urna.Nunc viverra imperdiet enim. Fusce est. Vivamus a tellus.","Cleaner"
"85","2013-11-15","2014-10-11","Marketing apprentice","Lorem ipsum dolor sit amet, consectetuer adipiscing elit. Maecenas porttitor congue massa. Fusce posuere, magna sed pulvinar ultricies, purus lectus malesuada libero, sit amet commodo magna eros quis urna.Nunc viverra imperdiet enim. Fusce est. Vivamus a tellus.","Marketing"
"86","2006-4-16","2008-4-10","Programer apprentice","Lorem ipsum dolor sit amet, consectetuer adipiscing elit. Maecenas porttitor congue massa. Fusce posuere, magna sed pulvinar ultricies, purus lectus malesuada libero, sit amet commodo magna eros quis urna.Nunc viverra imperdiet enim. Fusce est. Vivamus a tellus.","Programer"
"87","2001-10-12","2013-10-24","Cleaner apprentice","Lorem ipsum dolor sit amet, consectetuer adipiscing elit. Maecenas porttitor congue massa. Fusce posuere, magna sed pulvinar ultricies, purus lectus malesuada libero, sit amet commodo magna eros quis urna.Nunc viverra imperdiet enim. Fusce est. Vivamus a tellus.","Cleaner"
"88","2010-7-21","2012-3-5","Cleaner apprentice","Lorem ipsum dolor sit amet, consectetuer adipiscing elit. Maecenas porttitor congue massa. Fusce posuere, magna sed pulvinar ultricies, purus lectus malesuada libero, sit amet commodo magna eros quis urna.Nunc viverra imperdiet enim. Fusce est. Vivamus a tellus.","Cleaner"
"89","2006-10-15","2011-12-9","Programer apprentice","Lorem ipsum dolor sit amet, consectetuer adipiscing elit. Maecenas porttitor congue massa. Fusce posuere, magna sed pulvinar ultricies, purus lectus malesuada libero, sit amet commodo magna eros quis urna.Nunc viverra imperdiet enim. Fusce est. Vivamus a tellus.","Programer"
"90","2000-11-22","2011-5-24","Designer apprentice","Lorem ipsum dolor sit amet, consectetuer adipiscing elit. Maecenas porttitor congue massa. Fusce posuere, magna sed pulvinar ultricies, purus lectus malesuada libero, sit amet commodo magna eros quis urna.Nunc viverra imperdiet enim. Fusce est. Vivamus a tellus.","Designer"
"91","2002-11-12","2010-8-25","Programer apprentice","Lorem ipsum dolor sit amet, consectetuer adipiscing elit. Maecenas porttitor congue massa. Fusce posuere, magna sed pulvinar ultricies, purus lectus malesuada libero, sit amet commodo magna eros quis urna.Nunc viverra imperdiet enim. Fusce est. Vivamus a tellus.","Programer"
"92","2009-10-10","2014-12-7","Electrician apprentice","Lorem ipsum dolor sit amet, consectetuer adipiscing elit. Maecenas porttitor congue massa. Fusce posuere, magna sed pulvinar ultricies, purus lectus malesuada libero, sit amet commodo magna eros quis urna.Nunc viverra imperdiet enim. Fusce est. Vivamus a tellus.","Electrician"
"93","2010-9-17","2016-12-16","Cleaner apprentice","Lorem ipsum dolor sit amet, consectetuer adipiscing elit. Maecenas porttitor congue massa. Fusce posuere, magna sed pulvinar ultricies, purus lectus malesuada libero, sit amet commodo magna eros quis urna.Nunc viverra imperdiet enim. Fusce est. Vivamus a tellus.","Cleaner"
"94","2004-11-4","2013-7-25","Programer apprentice","Lorem ipsum dolor sit amet, consectetuer adipiscing elit. Maecenas porttitor congue massa. Fusce posuere, magna sed pulvinar ultricies, purus lectus malesuada libero, sit amet commodo magna eros quis urna.Nunc viverra imperdiet enim. Fusce est. Vivamus a tellus.","Programer"
"95","2000-12-26","2015-12-4","Marketing apprentice","Lorem ipsum dolor sit amet, consectetuer adipiscing elit. Maecenas porttitor congue massa. Fusce posuere, magna sed pulvinar ultricies, purus lectus malesuada libero, sit amet commodo magna eros quis urna.Nunc viverra imperdiet enim. Fusce est. Vivamus a tellus.","Marketing"
"96","2000-9-24","2006-7-5","Programer apprentice","Lorem ipsum dolor sit amet, consectetuer adipiscing elit. Maecenas porttitor congue massa. Fusce posuere, magna sed pulvinar ultricies, purus lectus malesuada libero, sit amet commodo magna eros quis urna.Nunc viverra imperdiet enim. Fusce est. Vivamus a tellus.","Programer"
"97","2000-10-16","2005-10-12","Marketing apprentice","Lorem ipsum dolor sit amet, consectetuer adipiscing elit. Maecenas porttitor congue massa. Fusce posuere, magna sed pulvinar ultricies, purus lectus malesuada libero, sit amet commodo magna eros quis urna.Nunc viverra imperdiet enim. Fusce est. Vivamus a tellus.","Marketing"
"98","2000-12-25","2005-12-19","Electrician apprentice","Lorem ipsum dolor sit amet, consectetuer adipiscing elit. Maecenas porttitor congue massa. Fusce posuere, magna sed pulvinar ultricies, purus lectus malesuada libero, sit amet commodo magna eros quis urna.Nunc viverra imperdiet enim. Fusce est. Vivamus a tellus.","Electrician"
"99","2002-11-16","2003-7-8","Electrician apprentice","Lorem ipsum dolor sit amet, consectetuer adipiscing elit. Maecenas porttitor congue massa. Fusce posuere, magna sed pulvinar ultricies, purus lectus malesuada libero, sit amet commodo magna eros quis urna.Nunc viverra imperdiet enim. Fusce est. Vivamus a tellus.","Electrician"
"100","2000-4-7","2004-5-23","Cleaner apprentice","Lorem ipsum dolor sit amet, consectetuer adipiscing elit. Maecenas porttitor congue massa. Fusce posuere, magna sed pulvinar ultricies, purus lectus malesuada libero, sit amet commodo magna eros quis urna.Nunc viverra imperdiet enim. Fusce est. Vivamus a tellus.","Cleaner"
"101","2004-11-21","2012-7-21","Programer apprentice","Lorem ipsum dolor sit amet, consectetuer adipiscing elit. Maecenas porttitor congue massa. Fusce posuere, magna sed pulvinar ultricies, purus lectus malesuada libero, sit amet commodo magna eros quis urna.Nunc viverra imperdiet enim. Fusce est. Vivamus a tellus.","Programer"
"102","2005-6-11","2015-7-5","Cleaner apprentice","Lorem ipsum dolor sit amet, consectetuer adipiscing elit. Maecenas porttitor congue massa. Fusce posuere, magna sed pulvinar ultricies, purus lectus malesuada libero, sit amet commodo magna eros quis urna.Nunc viverra imperdiet enim. Fusce est. Vivamus a tellus.","Cleaner"
"103","2000-6-11","2012-12-20","Marketing apprentice","Lorem ipsum dolor sit amet, consectetuer adipiscing elit. Maecenas porttitor congue massa. Fusce posuere, magna sed pulvinar ultricies, purus lectus malesuada libero, sit amet commodo magna eros quis urna.Nunc viverra imperdiet enim. Fusce est. Vivamus a tellus.","Marketing"
"104","2000-5-19","2004-6-20","Marketing apprentice","Lorem ipsum dolor sit amet, consectetuer adipiscing elit. Maecenas porttitor congue massa. Fusce posuere, magna sed pulvinar ultricies, purus lectus malesuada libero, sit amet commodo magna eros quis urna.Nunc viverra imperdiet enim. Fusce est. Vivamus a tellus.","Marketing"
"105","2001-1-27","2009-9-26","Programer apprentice","Lorem ipsum dolor sit amet, consectetuer adipiscing elit. Maecenas porttitor congue massa. Fusce posuere, magna sed pulvinar ultricies, purus lectus malesuada libero, sit amet commodo magna eros quis urna.Nunc viverra imperdiet enim. Fusce est. Vivamus a tellus.","Programer"
"106","2000-12-23","2014-10-22","Marketing apprentice","Lorem ipsum dolor sit amet, consectetuer adipiscing elit. Maecenas porttitor congue massa. Fusce posuere, magna sed pulvinar ultricies, purus lectus malesuada libero, sit amet commodo magna eros quis urna.Nunc viverra imperdiet enim. Fusce est. Vivamus a tellus.","Marketing"
"107","2004-9-10","2011-10-20","Designer apprentice","Lorem ipsum dolor sit amet, consectetuer adipiscing elit. Maecenas porttitor congue massa. Fusce posuere, magna sed pulvinar ultricies, purus lectus malesuada libero, sit amet commodo magna eros quis urna.Nunc viverra imperdiet enim. Fusce est. Vivamus a tellus.","Designer"
"108","2013-4-3","2014-7-6","Programer apprentice","Lorem ipsum dolor sit amet, consectetuer adipiscing elit. Maecenas porttitor congue massa. Fusce posuere, magna sed pulvinar ultricies, purus lectus malesuada libero, sit amet commodo magna eros quis urna.Nunc viverra imperdiet enim. Fusce est. Vivamus a tellus.","Programer"
"109","2000-7-6","2013-9-2","Marketing apprentice","Lorem ipsum dolor sit amet, consectetuer adipiscing elit. Maecenas porttitor congue massa. Fusce posuere, magna sed pulvinar ultricies, purus lectus malesuada libero, sit amet commodo magna eros quis urna.Nunc viverra imperdiet enim. Fusce est. Vivamus a tellus.","Marketing"
"110","2005-6-1","2008-9-28","Electrician apprentice","Lorem ipsum dolor sit amet, consectetuer adipiscing elit. Maecenas porttitor congue massa. Fusce posuere, magna sed pulvinar ultricies, purus lectus malesuada libero, sit amet commodo magna eros quis urna.Nunc viverra imperdiet enim. Fusce est. Vivamus a tellus.","Electrician"
"111","2000-9-9","2014-8-24","Designer apprentice","Lorem ipsum dolor sit amet, consectetuer adipiscing elit. Maecenas porttitor congue massa. Fusce posuere, magna sed pulvinar ultricies, purus lectus malesuada libero, sit amet commodo magna eros quis urna.Nunc viverra imperdiet enim. Fusce est. Vivamus a tellus.","Designer"
"112","2000-4-12","2017-11-25","Marketing apprentice","Lorem ipsum dolor sit amet, consectetuer adipiscing elit. Maecenas porttitor congue massa. Fusce posuere, magna sed pulvinar ultricies, purus lectus malesuada libero, sit amet commodo magna eros quis urna.Nunc viverra imperdiet enim. Fusce est. Vivamus a tellus.","Marketing"
"113","2003-5-2","2005-11-22","Marketing apprentice","Lorem ipsum dolor sit amet, consectetuer adipiscing elit. Maecenas porttitor congue massa. Fusce posuere, magna sed pulvinar ultricies, purus lectus malesuada libero, sit amet commodo magna eros quis urna.Nunc viverra imperdiet enim. Fusce est. Vivamus a tellus.","Marketing"
"114","2000-6-11","2006-8-18","Designer apprentice","Lorem ipsum dolor sit amet, consectetuer adipiscing elit. Maecenas porttitor congue massa. Fusce posuere, magna sed pulvinar ultricies, purus lectus malesuada libero, sit amet commodo magna eros quis urna.Nunc viverra imperdiet enim. Fusce est. Vivamus a tellus.","Designer"
"115","2000-12-3","2007-6-9","Cleaner apprentice","Lorem ipsum dolor sit amet, consectetuer adipiscing elit. Maecenas porttitor congue massa. Fusce posuere, magna sed pulvinar ultricies, purus lectus malesuada libero, sit amet commodo magna eros quis urna.Nunc viverra imperdiet enim. Fusce est. Vivamus a tellus.","Cleaner"
"116","2001-9-24","2014-6-23","Marketing apprentice","Lorem ipsum dolor sit amet, consectetuer adipiscing elit. Maecenas porttitor congue massa. Fusce posuere, magna sed pulvinar ultricies, purus lectus malesuada libero, sit amet commodo magna eros quis urna.Nunc viverra imperdiet enim. Fusce est. Vivamus a tellus.","Marketing"
"117","2000-8-12","2010-5-2","Programer apprentice","Lorem ipsum dolor sit amet, consectetuer adipiscing elit. Maecenas porttitor congue massa. Fusce posuere, magna sed pulvinar ultricies, purus lectus malesuada libero, sit amet commodo magna eros quis urna.Nunc viverra imperdiet enim. Fusce est. Vivamus a tellus.","Programer"
"118","2000-2-3","2002-5-13","Electrician apprentice","Lorem ipsum dolor sit amet, consectetuer adipiscing elit. Maecenas porttitor congue massa. Fusce posuere, magna sed pulvinar ultricies, purus lectus malesuada libero, sit amet commodo magna eros quis urna.Nunc viverra imperdiet enim. Fusce est. Vivamus a tellus.","Electrician"
"119","2000-5-21","2010-9-6","Marketing apprentice","Lorem ipsum dolor sit amet, consectetuer adipiscing elit. Maecenas porttitor congue massa. Fusce posuere, magna sed pulvinar ultricies, purus lectus malesuada libero, sit amet commodo magna eros quis urna.Nunc viverra imperdiet enim. Fusce est. Vivamus a tellus.","Marketing"
"120","2000-1-24","2011-1-23","Programer apprentice","Lorem ipsum dolor sit amet, consectetuer adipiscing elit. Maecenas porttitor congue massa. Fusce posuere, magna sed pulvinar ultricies, purus lectus malesuada libero, sit amet commodo magna eros quis urna.Nunc viverra imperdiet enim. Fusce est. Vivamus a tellus.","Programer"
"121","2000-8-4","2014-9-22","Marketing apprentice","Lorem ipsum dolor sit amet, consectetuer adipiscing elit. Maecenas porttitor congue massa. Fusce posuere, magna sed pulvinar ultricies, purus lectus malesuada libero, sit amet commodo magna eros quis urna.Nunc viverra imperdiet enim. Fusce est. Vivamus a tellus.","Marketing"
"122","2000-7-23","2009-4-2","Cleaner apprentice","Lorem ipsum dolor sit amet, consectetuer adipiscing elit. Maecenas porttitor congue massa. Fusce posuere, magna sed pulvinar ultricies, purus lectus malesuada libero, sit amet commodo magna eros quis urna.Nunc viverra imperdiet enim. Fusce est. Vivamus a tellus.","Cleaner"
"123","2000-5-14","2002-6-26","Programer apprentice","Lorem ipsum dolor sit amet, consectetuer adipiscing elit. Maecenas porttitor congue massa. Fusce posuere, magna sed pulvinar ultricies, purus lectus malesuada libero, sit amet commodo magna eros quis urna.Nunc viverra imperdiet enim. Fusce est. Vivamus a tellus.","Programer"
"124","2005-5-27","2015-5-20","Electrician apprentice","Lorem ipsum dolor sit amet, consectetuer adipiscing elit. Maecenas porttitor congue massa. Fusce posuere, magna sed pulvinar ultricies, purus lectus malesuada libero, sit amet commodo magna eros quis urna.Nunc viverra imperdiet enim. Fusce est. Vivamus a tellus.","Electrician"
"125","2000-9-1","2013-1-28","Designer apprentice","Lorem ipsum dolor sit amet, consectetuer adipiscing elit. Maecenas porttitor congue massa. Fusce posuere, magna sed pulvinar ultricies, purus lectus malesuada libero, sit amet commodo magna eros quis urna.Nunc viverra imperdiet enim. Fusce est. Vivamus a tellus.","Designer"
"126","2000-6-25","2008-12-26","Programer apprentice","Lorem ipsum dolor sit amet, consectetuer adipiscing elit. Maecenas porttitor congue massa. Fusce posuere, magna sed pulvinar ultricies, purus lectus malesuada libero, sit amet commodo magna eros quis urna.Nunc viverra imperdiet enim. Fusce est. Vivamus a tellus.","Programer"
"127","2007-3-17","2011-7-27","Marketing apprentice","Lorem ipsum dolor sit amet, consectetuer adipiscing elit. Maecenas porttitor congue massa. Fusce posuere, magna sed pulvinar ultricies, purus lectus malesuada libero, sit amet commodo magna eros quis urna.Nunc viverra imperdiet enim. Fusce est. Vivamus a tellus.","Marketing"
"128","2000-9-16","2014-10-5","Designer apprentice","Lorem ipsum dolor sit amet, consectetuer adipiscing elit. Maecenas porttitor congue massa. Fusce posuere, magna sed pulvinar ultricies, purus lectus malesuada libero, sit amet commodo magna eros quis urna.Nunc viverra imperdiet enim. Fusce est. Vivamus a tellus.","Designer"
"129","2000-7-28","2007-9-5","Marketing apprentice","Lorem ipsum dolor sit amet, consectetuer adipiscing elit. Maecenas porttitor congue massa. Fusce posuere, magna sed pulvinar ultricies, purus lectus malesuada libero, sit amet commodo magna eros quis urna.Nunc viverra imperdiet enim. Fusce est. Vivamus a tellus.","Marketing"
"130","2005-11-20","2012-7-7","Designer apprentice","Lorem ipsum dolor sit amet, consectetuer adipiscing elit. Maecenas porttitor congue massa. Fusce posuere, magna sed pulvinar ultricies, purus lectus malesuada libero, sit amet commodo magna eros quis urna.Nunc viverra imperdiet enim. Fusce est. Vivamus a tellus.","Designer"
"131","2000-6-14","2004-6-2","Programer apprentice","Lorem ipsum dolor sit amet, consectetuer adipiscing elit. Maecenas porttitor congue massa. Fusce posuere, magna sed pulvinar ultricies, purus lectus malesuada libero, sit amet commodo magna eros quis urna.Nunc viverra imperdiet enim. Fusce est. Vivamus a tellus.","Programer"
"132","2010-12-23","2016-8-27","Cleaner apprentice","Lorem ipsum dolor sit amet, consectetuer adipiscing elit. Maecenas porttitor congue massa. Fusce posuere, magna sed pulvinar ultricies, purus lectus malesuada libero, sit amet commodo magna eros quis urna.Nunc viverra imperdiet enim. Fusce est. Vivamus a tellus.","Cleaner"
"133","2003-9-1","2014-4-6","Programer apprentice","Lorem ipsum dolor sit amet, consectetuer adipiscing elit. Maecenas porttitor congue massa. Fusce posuere, magna sed pulvinar ultricies, purus lectus malesuada libero, sit amet commodo magna eros quis urna.Nunc viverra imperdiet enim. Fusce est. Vivamus a tellus.","Programer"
"134","2002-4-26","2016-5-6","Programer apprentice","Lorem ipsum dolor sit amet, consectetuer adipiscing elit. Maecenas porttitor congue massa. Fusce posuere, magna sed pulvinar ultricies, purus lectus malesuada libero, sit amet commodo magna eros quis urna.Nunc viverra imperdiet enim. Fusce est. Vivamus a tellus.","Programer"
"135","2002-10-5","2011-6-5","Programer apprentice","Lorem ipsum dolor sit amet, consectetuer adipiscing elit. Maecenas porttitor congue massa. Fusce posuere, magna sed pulvinar ultricies, purus lectus malesuada libero, sit amet commodo magna eros quis urna.Nunc viverra imperdiet enim. Fusce est. Vivamus a tellus.","Programer"
"136","2000-6-17","2002-10-21","Electrician apprentice","Lorem ipsum dolor sit amet, consectetuer adipiscing elit. Maecenas porttitor congue massa. Fusce posuere, magna sed pulvinar ultricies, purus lectus malesuada libero, sit amet commodo magna eros quis urna.Nunc viverra imperdiet enim. Fusce est. Vivamus a tellus.","Electrician"
"137","2000-4-8","2016-4-26","Cleaner apprentice","Lorem ipsum dolor sit amet, consectetuer adipiscing elit. Maecenas porttitor congue massa. Fusce posuere, magna sed pulvinar ultricies, purus lectus malesuada libero, sit amet commodo magna eros quis urna.Nunc viverra imperdiet enim. Fusce est. Vivamus a tellus.","Cleaner"
"138","2001-4-27","2006-2-26","Designer apprentice","Lorem ipsum dolor sit amet, consectetuer adipiscing elit. Maecenas porttitor congue massa. Fusce posuere, magna sed pulvinar ultricies, purus lectus malesuada libero, sit amet commodo magna eros quis urna.Nunc viverra imperdiet enim. Fusce est. Vivamus a tellus.","Designer"
"139","2000-3-1","2010-10-20","Programer apprentice","Lorem ipsum dolor sit amet, consectetuer adipiscing elit. Maecenas porttitor congue massa. Fusce posuere, magna sed pulvinar ultricies, purus lectus malesuada libero, sit amet commodo magna eros quis urna.Nunc viverra imperdiet enim. Fusce est. Vivamus a tellus.","Programer"
"140","2000-12-6","2004-2-1","Marketing apprentice","Lorem ipsum dolor sit amet, consectetuer adipiscing elit. Maecenas porttitor congue massa. Fusce posuere, magna sed pulvinar ultricies, purus lectus malesuada libero, sit amet commodo magna eros quis urna.Nunc viverra imperdiet enim. Fusce est. Vivamus a tellus.","Marketing"
"141","2000-10-21","2013-3-14","Electrician apprentice","Lorem ipsum dolor sit amet, consectetuer adipiscing elit. Maecenas porttitor congue massa. Fusce posuere, magna sed pulvinar ultricies, purus lectus malesuada libero, sit amet commodo magna eros quis urna.Nunc viverra imperdiet enim. Fusce est. Vivamus a tellus.","Electrician"
"142","2000-9-3","2015-2-10","Designer apprentice","Lorem ipsum dolor sit amet, consectetuer adipiscing elit. Maecenas porttitor congue massa. Fusce posuere, magna sed pulvinar ultricies, purus lectus malesuada libero, sit amet commodo magna eros quis urna.Nunc viverra imperdiet enim. Fusce est. Vivamus a tellus.","Designer"
"143","2000-10-8","2007-10-17","Electrician apprentice","Lorem ipsum dolor sit amet, consectetuer adipiscing elit. Maecenas porttitor congue massa. Fusce posuere, magna sed pulvinar ultricies, purus lectus malesuada libero, sit amet commodo magna eros quis urna.Nunc viverra imperdiet enim. Fusce est. Vivamus a tellus.","Electrician"
"144","2000-2-1","2010-1-11","Cleaner apprentice","Lorem ipsum dolor sit amet, consectetuer adipiscing elit. Maecenas porttitor congue massa. Fusce posuere, magna sed pulvinar ultricies, purus lectus malesuada libero, sit amet commodo magna eros quis urna.Nunc viverra imperdiet enim. Fusce est. Vivamus a tellus.","Cleaner"
"145","2001-5-26","2013-11-8","Electrician apprentice","Lorem ipsum dolor sit amet, consectetuer adipiscing elit. Maecenas porttitor congue massa. Fusce posuere, magna sed pulvinar ultricies, purus lectus malesuada libero, sit amet commodo magna eros quis urna.Nunc viverra imperdiet enim. Fusce est. Vivamus a tellus.","Electrician"
"146","2002-4-16","2004-6-8","Electrician apprentice","Lorem ipsum dolor sit amet, consectetuer adipiscing elit. Maecenas porttitor congue massa. Fusce posuere, magna sed pulvinar ultricies, purus lectus malesuada libero, sit amet commodo magna eros quis urna.Nunc viverra imperdiet enim. Fusce est. Vivamus a tellus.","Electrician"
"147","2008-4-9","2011-10-28","Cleaner apprentice","Lorem ipsum dolor sit amet, consectetuer adipiscing elit. Maecenas porttitor congue massa. Fusce posuere, magna sed pulvinar ultricies, purus lectus malesuada libero, sit amet commodo magna eros quis urna.Nunc viverra imperdiet enim. Fusce est. Vivamus a tellus.","Cleaner"
"148","2004-5-3","2010-7-4","Electrician apprentice","Lorem ipsum dolor sit amet, consectetuer adipiscing elit. Maecenas porttitor congue massa. Fusce posuere, magna sed pulvinar ultricies, purus lectus malesuada libero, sit amet commodo magna eros quis urna.Nunc viverra imperdiet enim. Fusce est. Vivamus a tellus.","Electrician"
"149","2000-10-17","2013-3-4","Marketing apprentice","Lorem ipsum dolor sit amet, consectetuer adipiscing elit. Maecenas porttitor congue massa. Fusce posuere, magna sed pulvinar ultricies, purus lectus malesuada libero, sit amet commodo magna eros quis urna.Nunc viverra imperdiet enim. Fusce est. Vivamus a tellus.","Marketing"
"150","2000-11-24","2014-4-11","Electrician apprentice","Lorem ipsum dolor sit amet, consectetuer adipiscing elit. Maecenas porttitor congue massa. Fusce posuere, magna sed pulvinar ultricies, purus lectus malesuada libero, sit amet commodo magna eros quis urna.Nunc viverra imperdiet enim. Fusce est. Vivamus a tellus.","Electrician"
"151","2007-4-3","2012-9-22","Cleaner apprentice","Lorem ipsum dolor sit amet, consectetuer adipiscing elit. Maecenas porttitor congue massa. Fusce posuere, magna sed pulvinar ultricies, purus lectus malesuada libero, sit amet commodo magna eros quis urna.Nunc viverra imperdiet enim. Fusce est. Vivamus a tellus.","Cleaner"
"152","2004-4-4","2005-4-26","Electrician apprentice","Lorem ipsum dolor sit amet, consectetuer adipiscing elit. Maecenas porttitor congue massa. Fusce posuere, magna sed pulvinar ultricies, purus lectus malesuada libero, sit amet commodo magna eros quis urna.Nunc viverra imperdiet enim. Fusce est. Vivamus a tellus.","Electrician"
"153","2000-8-20","2016-9-24","Cleaner apprentice","Lorem ipsum dolor sit amet, consectetuer adipiscing elit. Maecenas porttitor congue massa. Fusce posuere, magna sed pulvinar ultricies, purus lectus malesuada libero, sit amet commodo magna eros quis urna.Nunc viverra imperdiet enim. Fusce est. Vivamus a tellus.","Cleaner"
"154","2011-10-22","2016-11-28","Electrician apprentice","Lorem ipsum dolor sit amet, consectetuer adipiscing elit. Maecenas porttitor congue massa. Fusce posuere, magna sed pulvinar ultricies, purus lectus malesuada libero, sit amet commodo magna eros quis urna.Nunc viverra imperdiet enim. Fusce est. Vivamus a tellus.","Electrician"
"155","2011-5-1","2016-6-24","Designer apprentice","Lorem ipsum dolor sit amet, consectetuer adipiscing elit. Maecenas porttitor congue massa. Fusce posuere, magna sed pulvinar ultricies, purus lectus malesuada libero, sit amet commodo magna eros quis urna.Nunc viverra imperdiet enim. Fusce est. Vivamus a tellus.","Designer"
"156","2000-1-15","2003-12-20","Designer apprentice","Lorem ipsum dolor sit amet, consectetuer adipiscing elit. Maecenas porttitor congue massa. Fusce posuere, magna sed pulvinar ultricies, purus lectus malesuada libero, sit amet commodo magna eros quis urna.Nunc viverra imperdiet enim. Fusce est. Vivamus a tellus.","Designer"
"157","2000-5-24","2008-12-27","Marketing apprentice","Lorem ipsum dolor sit amet, consectetuer adipiscing elit. Maecenas porttitor congue massa. Fusce posuere, magna sed pulvinar ultricies, purus lectus malesuada libero, sit amet commodo magna eros quis urna.Nunc viverra imperdiet enim. Fusce est. Vivamus a tellus.","Marketing"
"158","2000-3-7","2006-11-1","Designer apprentice","Lorem ipsum dolor sit amet, consectetuer adipiscing elit. Maecenas porttitor congue massa. Fusce posuere, magna sed pulvinar ultricies, purus lectus malesuada libero, sit amet commodo magna eros quis urna.Nunc viverra imperdiet enim. Fusce est. Vivamus a tellus.","Designer"
"159","2008-2-18","2012-2-28","Designer apprentice","Lorem ipsum dolor sit amet, consectetuer adipiscing elit. Maecenas porttitor congue massa. Fusce posuere, magna sed pulvinar ultricies, purus lectus malesuada libero, sit amet commodo magna eros quis urna.Nunc viverra imperdiet enim. Fusce est. Vivamus a tellus.","Designer"
"160","2000-5-24","2005-5-25","Cleaner apprentice","Lorem ipsum dolor sit amet, consectetuer adipiscing elit. Maecenas porttitor congue massa. Fusce posuere, magna sed pulvinar ultricies, purus lectus malesuada libero, sit amet commodo magna eros quis urna.Nunc viverra imperdiet enim. Fusce est. Vivamus a tellus.","Cleaner"
"161","2001-1-11","2009-10-14","Electrician apprentice","Lorem ipsum dolor sit amet, consectetuer adipiscing elit. Maecenas porttitor congue massa. Fusce posuere, magna sed pulvinar ultricies, purus lectus malesuada libero, sit amet commodo magna eros quis urna.Nunc viverra imperdiet enim. Fusce est. Vivamus a tellus.","Electrician"
"162","2000-8-21","2011-1-2","Electrician apprentice","Lorem ipsum dolor sit amet, consectetuer adipiscing elit. Maecenas porttitor congue massa. Fusce posuere, magna sed pulvinar ultricies, purus lectus malesuada libero, sit amet commodo magna eros quis urna.Nunc viverra imperdiet enim. Fusce est. Vivamus a tellus.","Electrician"
"163","2000-10-19","2005-1-20","Designer apprentice","Lorem ipsum dolor sit amet, consectetuer adipiscing elit. Maecenas porttitor congue massa. Fusce posuere, magna sed pulvinar ultricies, purus lectus malesuada libero, sit amet commodo magna eros quis urna.Nunc viverra imperdiet enim. Fusce est. Vivamus a tellus.","Designer"
"164","2000-4-5","2015-2-28","Designer apprentice","Lorem ipsum dolor sit amet, consectetuer adipiscing elit. Maecenas porttitor congue massa. Fusce posuere, magna sed pulvinar ultricies, purus lectus malesuada libero, sit amet commodo magna eros quis urna.Nunc viverra imperdiet enim. Fusce est. Vivamus a tellus.","Designer"
"165","2000-1-9","2014-6-28","Marketing apprentice","Lorem ipsum dolor sit amet, consectetuer adipiscing elit. Maecenas porttitor congue massa. Fusce posuere, magna sed pulvinar ultricies, purus lectus malesuada libero, sit amet commodo magna eros quis urna.Nunc viverra imperdiet enim. Fusce est. Vivamus a tellus.","Marketing"
"166","2000-3-4","2006-12-5","Electrician apprentice","Lorem ipsum dolor sit amet, consectetuer adipiscing elit. Maecenas porttitor congue massa. Fusce posuere, magna sed pulvinar ultricies, purus lectus malesuada libero, sit amet commodo magna eros quis urna.Nunc viverra imperdiet enim. Fusce est. Vivamus a tellus.","Electrician"
"167","2000-4-5","2012-12-12","Electrician apprentice","Lorem ipsum dolor sit amet, consectetuer adipiscing elit. Maecenas porttitor congue massa. Fusce posuere, magna sed pulvinar ultricies, purus lectus malesuada libero, sit amet commodo magna eros quis urna.Nunc viverra imperdiet enim. Fusce est. Vivamus a tellus.","Electrician"
"168","2005-11-2","2016-3-10","Programer apprentice","Lorem ipsum dolor sit amet, consectetuer adipiscing elit. Maecenas porttitor congue massa. Fusce posuere, magna sed pulvinar ultricies, purus lectus malesuada libero, sit amet commodo magna eros quis urna.Nunc viverra imperdiet enim. Fusce est. Vivamus a tellus.","Programer"
"169","2000-8-14","2015-4-1","Electrician apprentice","Lorem ipsum dolor sit amet, consectetuer adipiscing elit. Maecenas porttitor congue massa. Fusce posuere, magna sed pulvinar ultricies, purus lectus malesuada libero, sit amet commodo magna eros quis urna.Nunc viverra imperdiet enim. Fusce est. Vivamus a tellus.","Electrician"
"170","2000-12-17","2013-11-23","Marketing apprentice","Lorem ipsum dolor sit amet, consectetuer adipiscing elit. Maecenas porttitor congue massa. Fusce posuere, magna sed pulvinar ultricies, purus lectus malesuada libero, sit amet commodo magna eros quis urna.Nunc viverra imperdiet enim. Fusce est. Vivamus a tellus.","Marketing"
"171","2000-12-2","2016-9-23","Programer apprentice","Lorem ipsum dolor sit amet, consectetuer adipiscing elit. Maecenas porttitor congue massa. Fusce posuere, magna sed pulvinar ultricies, purus lectus malesuada libero, sit amet commodo magna eros quis urna.Nunc viverra imperdiet enim. Fusce est. Vivamus a tellus.","Programer"
"172","2000-4-14","2007-8-4","Designer apprentice","Lorem ipsum dolor sit amet, consectetuer adipiscing elit. Maecenas porttitor congue massa. Fusce posuere, magna sed pulvinar ultricies, purus lectus malesuada libero, sit amet commodo magna eros quis urna.Nunc viverra imperdiet enim. Fusce est. Vivamus a tellus.","Designer"
"173","2000-6-23","2015-1-6","Programer apprentice","Lorem ipsum dolor sit amet, consectetuer adipiscing elit. Maecenas porttitor congue massa. Fusce posuere, magna sed pulvinar ultricies, purus lectus malesuada libero, sit amet commodo magna eros quis urna.Nunc viverra imperdiet enim. Fusce est. Vivamus a tellus.","Programer"
"174","2000-8-3","2003-5-6","Designer apprentice","Lorem ipsum dolor sit amet, consectetuer adipiscing elit. Maecenas porttitor congue massa. Fusce posuere, magna sed pulvinar ultricies, purus lectus malesuada libero, sit amet commodo magna eros quis urna.Nunc viverra imperdiet enim. Fusce est. Vivamus a tellus.","Designer"
"175","2004-8-4","2014-2-1","Marketing apprentice","Lorem ipsum dolor sit amet, consectetuer adipiscing elit. Maecenas porttitor congue massa. Fusce posuere, magna sed pulvinar ultricies, purus lectus malesuada libero, sit amet commodo magna eros quis urna.Nunc viverra imperdiet enim. Fusce est. Vivamus a tellus.","Marketing"
"176","2006-4-4","2012-3-13","Programer apprentice","Lorem ipsum dolor sit amet, consectetuer adipiscing elit. Maecenas porttitor congue massa. Fusce posuere, magna sed pulvinar ultricies, purus lectus malesuada libero, sit amet commodo magna eros quis urna.Nunc viverra imperdiet enim. Fusce est. Vivamus a tellus.","Programer"
"177","2012-8-19","2013-11-3","Designer apprentice","Lorem ipsum dolor sit amet, consectetuer adipiscing elit. Maecenas porttitor congue massa. Fusce posuere, magna sed pulvinar ultricies, purus lectus malesuada libero, sit amet commodo magna eros quis urna.Nunc viverra imperdiet enim. Fusce est. Vivamus a tellus.","Designer"
"178","2008-2-12","2011-7-7","Marketing apprentice","Lorem ipsum dolor sit amet, consectetuer adipiscing elit. Maecenas porttitor congue massa. Fusce posuere, magna sed pulvinar ultricies, purus lectus malesuada libero, sit amet commodo magna eros quis urna.Nunc viverra imperdiet enim. Fusce est. Vivamus a tellus.","Marketing"
"179","2006-11-19","2015-8-12","Programer apprentice","Lorem ipsum dolor sit amet, consectetuer adipiscing elit. Maecenas porttitor congue massa. Fusce posuere, magna sed pulvinar ultricies, purus lectus malesuada libero, sit amet commodo magna eros quis urna.Nunc viverra imperdiet enim. Fusce est. Vivamus a tellus.","Programer"
"180","2005-4-22","2012-7-16","Marketing apprentice","Lorem ipsum dolor sit amet, consectetuer adipiscing elit. Maecenas porttitor congue massa. Fusce posuere, magna sed pulvinar ultricies, purus lectus malesuada libero, sit amet commodo magna eros quis urna.Nunc viverra imperdiet enim. Fusce est. Vivamus a tellus.","Marketing"
"181","2000-8-13","2009-12-5","Cleaner apprentice","Lorem ipsum dolor sit amet, consectetuer adipiscing elit. Maecenas porttitor congue massa. Fusce posuere, magna sed pulvinar ultricies, purus lectus malesuada libero, sit amet commodo magna eros quis urna.Nunc viverra imperdiet enim. Fusce est. Vivamus a tellus.","Cleaner"
"182","2000-11-26","2003-1-1","Cleaner apprentice","Lorem ipsum dolor sit amet, consectetuer adipiscing elit. Maecenas porttitor congue massa. Fusce posuere, magna sed pulvinar ultricies, purus lectus malesuada libero, sit amet commodo magna eros quis urna.Nunc viverra imperdiet enim. Fusce est. Vivamus a tellus.","Cleaner"
"183","2000-4-24","2014-7-9","Designer apprentice","Lorem ipsum dolor sit amet, consectetuer adipiscing elit. Maecenas porttitor congue massa. Fusce posuere, magna sed pulvinar ultricies, purus lectus malesuada libero, sit amet commodo magna eros quis urna.Nunc viverra imperdiet enim. Fusce est. Vivamus a tellus.","Designer"
"184","2002-2-25","2008-6-8","Cleaner apprentice","Lorem ipsum dolor sit amet, consectetuer adipiscing elit. Maecenas porttitor congue massa. Fusce posuere, magna sed pulvinar ultricies, purus lectus malesuada libero, sit amet commodo magna eros quis urna.Nunc viverra imperdiet enim. Fusce est. Vivamus a tellus.","Cleaner"
"185","2003-10-15","2015-3-10","Cleaner apprentice","Lorem ipsum dolor sit amet, consectetuer adipiscing elit. Maecenas porttitor congue massa. Fusce posuere, magna sed pulvinar ultricies, purus lectus malesuada libero, sit amet commodo magna eros quis urna.Nunc viverra imperdiet enim. Fusce est. Vivamus a tellus.","Cleaner"
"186","2004-11-20","2006-10-24","Electrician apprentice","Lorem ipsum dolor sit amet, consectetuer adipiscing elit. Maecenas porttitor congue massa. Fusce posuere, magna sed pulvinar ultricies, purus lectus malesuada libero, sit amet commodo magna eros quis urna.Nunc viverra imperdiet enim. Fusce est. Vivamus a tellus.","Electrician"
"187","2001-11-23","2002-3-22","Designer apprentice","Lorem ipsum dolor sit amet, consectetuer adipiscing elit. Maecenas porttitor congue massa. Fusce posuere, magna sed pulvinar ultricies, purus lectus malesuada libero, sit amet commodo magna eros quis urna.Nunc viverra imperdiet enim. Fusce est. Vivamus a tellus.","Designer"
"188","2000-11-6","2014-8-13","Marketing apprentice","Lorem ipsum dolor sit amet, consectetuer adipiscing elit. Maecenas porttitor congue massa. Fusce posuere, magna sed pulvinar ultricies, purus lectus malesuada libero, sit amet commodo magna eros quis urna.Nunc viverra imperdiet enim. Fusce est. Vivamus a tellus.","Marketing"
"189","2000-12-13","2001-4-7","Designer apprentice","Lorem ipsum dolor sit amet, consectetuer adipiscing elit. Maecenas porttitor congue massa. Fusce posuere, magna sed pulvinar ultricies, purus lectus malesuada libero, sit amet commodo magna eros quis urna.Nunc viverra imperdiet enim. Fusce est. Vivamus a tellus.","Designer"
"190","2002-2-25","2015-6-4","Designer apprentice","Lorem ipsum dolor sit amet, consectetuer adipiscing elit. Maecenas porttitor congue massa. Fusce posuere, magna sed pulvinar ultricies, purus lectus malesuada libero, sit amet commodo magna eros quis urna.Nunc viverra imperdiet enim. Fusce est. Vivamus a tellus.","Designer"
"191","2000-4-8","2007-9-14","Electrician apprentice","Lorem ipsum dolor sit amet, consectetuer adipiscing elit. Maecenas porttitor congue massa. Fusce posuere, magna sed pulvinar ultricies, purus lectus malesuada libero, sit amet commodo magna eros quis urna.Nunc viverra imperdiet enim. Fusce est. Vivamus a tellus.","Electrician"
"192","2002-2-21","2005-2-7","Designer apprentice","Lorem ipsum dolor sit amet, consectetuer adipiscing elit. Maecenas porttitor congue massa. Fusce posuere, magna sed pulvinar ultricies, purus lectus malesuada libero, sit amet commodo magna eros quis urna.Nunc viverra imperdiet enim. Fusce est. Vivamus a tellus.","Designer"
"193","2011-4-4","2012-8-3","Marketing apprentice","Lorem ipsum dolor sit amet, consectetuer adipiscing elit. Maecenas porttitor congue massa. Fusce posuere, magna sed pulvinar ultricies, purus lectus malesuada libero, sit amet commodo magna eros quis urna.Nunc viverra imperdiet enim. Fusce est. Vivamus a tellus.","Marketing"
"194","2008-3-20","2009-9-27","Marketing apprentice","Lorem ipsum dolor sit amet, consectetuer adipiscing elit. Maecenas porttitor congue massa. Fusce posuere, magna sed pulvinar ultricies, purus lectus malesuada libero, sit amet commodo magna eros quis urna.Nunc viverra imperdiet enim. Fusce est. Vivamus a tellus.","Marketing"
"195","2005-12-6","2006-9-21","Electrician apprentice","Lorem ipsum dolor sit amet, consectetuer adipiscing elit. Maecenas porttitor congue massa. Fusce posuere, magna sed pulvinar ultricies, purus lectus malesuada libero, sit amet commodo magna eros quis urna.Nunc viverra imperdiet enim. Fusce est. Vivamus a tellus.","Electrician"
"196","2000-5-4","2001-1-22","Programer apprentice","Lorem ipsum dolor sit amet, consectetuer adipiscing elit. Maecenas porttitor congue massa. Fusce posuere, magna sed pulvinar ultricies, purus lectus malesuada libero, sit amet commodo magna eros quis urna.Nunc viverra imperdiet enim. Fusce est. Vivamus a tellus.","Programer"
"197","2000-8-12","2003-12-19","Designer apprentice","Lorem ipsum dolor sit amet, consectetuer adipiscing elit. Maecenas porttitor congue massa. Fusce posuere, magna sed pulvinar ultricies, purus lectus malesuada libero, sit amet commodo magna eros quis urna.Nunc viverra imperdiet enim. Fusce est. Vivamus a tellus.","Designer"
"198","2000-3-21","2005-10-5","Cleaner apprentice","Lorem ipsum dolor sit amet, consectetuer adipiscing elit. Maecenas porttitor congue massa. Fusce posuere, magna sed pulvinar ultricies, purus lectus malesuada libero, sit amet commodo magna eros quis urna.Nunc viverra imperdiet enim. Fusce est. Vivamus a tellus.","Cleaner"
"199","2002-9-16","2004-5-11","Designer apprentice","Lorem ipsum dolor sit amet, consectetuer adipiscing elit. Maecenas porttitor congue massa. Fusce posuere, magna sed pulvinar ultricies, purus lectus malesuada libero, sit amet commodo magna eros quis urna.Nunc viverra imperdiet enim. Fusce est. Vivamus a tellus.","Designer"
"200","2000-12-19","2001-9-8","Electrician apprentice","Lorem ipsum dolor sit amet, consectetuer adipiscing elit. Maecenas porttitor congue massa. Fusce posuere, magna sed pulvinar ultricies, purus lectus malesuada libero, sit amet commodo magna eros quis urna.Nunc viverra imperdiet enim. Fusce est. Vivamus a tellus.","Electrician"
"201","2000-11-25","2009-3-22","Electrician apprentice","Lorem ipsum dolor sit amet, consectetuer adipiscing elit. Maecenas porttitor congue massa. Fusce posuere, magna sed pulvinar ultricies, purus lectus malesuada libero, sit amet commodo magna eros quis urna.Nunc viverra imperdiet enim. Fusce est. Vivamus a tellus.","Electrician"
"202","2004-6-7","2014-2-18","Cleaner apprentice","Lorem ipsum dolor sit amet, consectetuer adipiscing elit. Maecenas porttitor congue massa. Fusce posuere, magna sed pulvinar ultricies, purus lectus malesuada libero, sit amet commodo magna eros quis urna.Nunc viverra imperdiet enim. Fusce est. Vivamus a tellus.","Cleaner"
"203","2000-9-4","2006-11-12","Marketing apprentice","Lorem ipsum dolor sit amet, consectetuer adipiscing elit. Maecenas porttitor congue massa. Fusce posuere, magna sed pulvinar ultricies, purus lectus malesuada libero, sit amet commodo magna eros quis urna.Nunc viverra imperdiet enim. Fusce est. Vivamus a tellus.","Marketing"
"204","2000-3-19","2014-1-19","Programer apprentice","Lorem ipsum dolor sit amet, consectetuer adipiscing elit. Maecenas porttitor congue massa. Fusce posuere, magna sed pulvinar ultricies, purus lectus malesuada libero, sit amet commodo magna eros quis urna.Nunc viverra imperdiet enim. Fusce est. Vivamus a tellus.","Programer"
"205","2003-11-14","2015-12-6","Cleaner apprentice","Lorem ipsum dolor sit amet, consectetuer adipiscing elit. Maecenas porttitor congue massa. Fusce posuere, magna sed pulvinar ultricies, purus lectus malesuada libero, sit amet commodo magna eros quis urna.Nunc viverra imperdiet enim. Fusce est. Vivamus a tellus.","Cleaner"
