"3","Project aaaaa","Lorem ipsum dolor sit amet, consectetuer adipiscing elit. Maecenas porttitor congue massa. Fusce posuere, magna sed pulvinar ultricies, purus lectus malesuada libero, sit amet commodo magna eros quis urna.Nunc viverra imperdiet enim. Fusce est. Vivamus a tellus.","1","2","1557","2000-4-8","2003-7-9"
"3","Project aaaaa","Lorem ipsum dolor sit amet, consectetuer adipiscing elit. Maecenas porttitor congue massa. Fusce posuere, magna sed pulvinar ultricies, purus lectus malesuada libero, sit amet commodo magna eros quis urna.Nunc viverra imperdiet enim. Fusce est. Vivamus a tellus.","1","2","1944","2000-2-17","2006-1-6"
"3","Project aaaaa","Lorem ipsum dolor sit amet, consectetuer adipiscing elit. Maecenas porttitor congue massa. Fusce posuere, magna sed pulvinar ultricies, purus lectus malesuada libero, sit amet commodo magna eros quis urna.Nunc viverra imperdiet enim. Fusce est. Vivamus a tellus.","1","5","2586","2000-7-20","2009-1-22"
"3","Project aaaaa","Lorem ipsum dolor sit amet, consectetuer adipiscing elit. Maecenas porttitor congue massa. Fusce posuere, magna sed pulvinar ultricies, purus lectus malesuada libero, sit amet commodo magna eros quis urna.Nunc viverra imperdiet enim. Fusce est. Vivamus a tellus.","1","5","1788","2005-8-16","2006-4-3"
"3","Project aaaaa","Lorem ipsum dolor sit amet, consectetuer adipiscing elit. Maecenas porttitor congue massa. Fusce posuere, magna sed pulvinar ultricies, purus lectus malesuada libero, sit amet commodo magna eros quis urna.Nunc viverra imperdiet enim. Fusce est. Vivamus a tellus.","1","3","1602","2000-4-22","2010-7-19"
"3","Project aaaaa","Lorem ipsum dolor sit amet, consectetuer adipiscing elit. Maecenas porttitor congue massa. Fusce posuere, magna sed pulvinar ultricies, purus lectus malesuada libero, sit amet commodo magna eros quis urna.Nunc viverra imperdiet enim. Fusce est. Vivamus a tellus.","0","1","2559","2004-4-17","2012-7-9"
"3","Project aaaaa","Lorem ipsum dolor sit amet, consectetuer adipiscing elit. Maecenas porttitor congue massa. Fusce posuere, magna sed pulvinar ultricies, purus lectus malesuada libero, sit amet commodo magna eros quis urna.Nunc viverra imperdiet enim. Fusce est. Vivamus a tellus.","1","3","2044","2000-11-26","2005-6-26"
"3","Project aaaaa","Lorem ipsum dolor sit amet, consectetuer adipiscing elit. Maecenas porttitor congue massa. Fusce posuere, magna sed pulvinar ultricies, purus lectus malesuada libero, sit amet commodo magna eros quis urna.Nunc viverra imperdiet enim. Fusce est. Vivamus a tellus.","1","1","1932","2003-4-13","2015-7-27"
"3","Project aaaaa","Lorem ipsum dolor sit amet, consectetuer adipiscing elit. Maecenas porttitor congue massa. Fusce posuere, magna sed pulvinar ultricies, purus lectus malesuada libero, sit amet commodo magna eros quis urna.Nunc viverra imperdiet enim. Fusce est. Vivamus a tellus.","0","1","1149","2000-12-24","2008-4-28"
"3","Project aaaaa","Lorem ipsum dolor sit amet, consectetuer adipiscing elit. Maecenas porttitor congue massa. Fusce posuere, magna sed pulvinar ultricies, purus lectus malesuada libero, sit amet commodo magna eros quis urna.Nunc viverra imperdiet enim. Fusce est. Vivamus a tellus.","1","5","1706","2000-12-17","2015-5-21"
"3","Project aaaaa","Lorem ipsum dolor sit amet, consectetuer adipiscing elit. Maecenas porttitor congue massa. Fusce posuere, magna sed pulvinar ultricies, purus lectus malesuada libero, sit amet commodo magna eros quis urna.Nunc viverra imperdiet enim. Fusce est. Vivamus a tellus.","1","3","1060","2000-4-27","2009-7-1"
"3","Project aaaaa","Lorem ipsum dolor sit amet, consectetuer adipiscing elit. Maecenas porttitor congue massa. Fusce posuere, magna sed pulvinar ultricies, purus lectus malesuada libero, sit amet commodo magna eros quis urna.Nunc viverra imperdiet enim. Fusce est. Vivamus a tellus.","0","2","1352","2000-7-5","2017-3-12"
"3","Project aaaaa","Lorem ipsum dolor sit amet, consectetuer adipiscing elit. Maecenas porttitor congue massa. Fusce posuere, magna sed pulvinar ultricies, purus lectus malesuada libero, sit amet commodo magna eros quis urna.Nunc viverra imperdiet enim. Fusce est. Vivamus a tellus.","0","5","2616","2002-4-4","2007-7-7"
"3","Project aaaaa","Lorem ipsum dolor sit amet, consectetuer adipiscing elit. Maecenas porttitor congue massa. Fusce posuere, magna sed pulvinar ultricies, purus lectus malesuada libero, sit amet commodo magna eros quis urna.Nunc viverra imperdiet enim. Fusce est. Vivamus a tellus.","1","2","1309","2000-7-20","2006-6-22"
"3","Project aaaaa","Lorem ipsum dolor sit amet, consectetuer adipiscing elit. Maecenas porttitor congue massa. Fusce posuere, magna sed pulvinar ultricies, purus lectus malesuada libero, sit amet commodo magna eros quis urna.Nunc viverra imperdiet enim. Fusce est. Vivamus a tellus.","1","4","1261","2000-4-7","2007-7-15"
"3","Project aaaaa","Lorem ipsum dolor sit amet, consectetuer adipiscing elit. Maecenas porttitor congue massa. Fusce posuere, magna sed pulvinar ultricies, purus lectus malesuada libero, sit amet commodo magna eros quis urna.Nunc viverra imperdiet enim. Fusce est. Vivamus a tellus.","1","1","1556","2004-4-24","2007-7-3"
"3","Project aaaaa","Lorem ipsum dolor sit amet, consectetuer adipiscing elit. Maecenas porttitor congue massa. Fusce posuere, magna sed pulvinar ultricies, purus lectus malesuada libero, sit amet commodo magna eros quis urna.Nunc viverra imperdiet enim. Fusce est. Vivamus a tellus.","1","2","2317","2006-3-23","2014-1-4"
"3","Project aaaaa","Lorem ipsum dolor sit amet, consectetuer adipiscing elit. Maecenas porttitor congue massa. Fusce posuere, magna sed pulvinar ultricies, purus lectus malesuada libero, sit amet commodo magna eros quis urna.Nunc viverra imperdiet enim. Fusce est. Vivamus a tellus.","0","4","2900","2000-5-24","2016-3-13"
"3","Project aaaaa","Lorem ipsum dolor sit amet, consectetuer adipiscing elit. Maecenas porttitor congue massa. Fusce posuere, magna sed pulvinar ultricies, purus lectus malesuada libero, sit amet commodo magna eros quis urna.Nunc viverra imperdiet enim. Fusce est. Vivamus a tellus.","0","2","1744","2000-4-22","2010-7-20"
"3","Project aaaaa","Lorem ipsum dolor sit amet, consectetuer adipiscing elit. Maecenas porttitor congue massa. Fusce posuere, magna sed pulvinar ultricies, purus lectus malesuada libero, sit amet commodo magna eros quis urna.Nunc viverra imperdiet enim. Fusce est. Vivamus a tellus.","1","1","2591","2003-9-26","2006-3-3"
"3","Project aaaaa","Lorem ipsum dolor sit amet, consectetuer adipiscing elit. Maecenas porttitor congue massa. Fusce posuere, magna sed pulvinar ultricies, purus lectus malesuada libero, sit amet commodo magna eros quis urna.Nunc viverra imperdiet enim. Fusce est. Vivamus a tellus.","0","3","1710","2000-7-20","2012-6-13"
"3","Project aaaaa","Lorem ipsum dolor sit amet, consectetuer adipiscing elit. Maecenas porttitor congue massa. Fusce posuere, magna sed pulvinar ultricies, purus lectus malesuada libero, sit amet commodo magna eros quis urna.Nunc viverra imperdiet enim. Fusce est. Vivamus a tellus.","0","2","2663","2000-10-23","2007-9-17"
"3","Project aaaaa","Lorem ipsum dolor sit amet, consectetuer adipiscing elit. Maecenas porttitor congue massa. Fusce posuere, magna sed pulvinar ultricies, purus lectus malesuada libero, sit amet commodo magna eros quis urna.Nunc viverra imperdiet enim. Fusce est. Vivamus a tellus.","0","4","2746","2000-3-17","2012-1-10"
"3","Project aaaaa","Lorem ipsum dolor sit amet, consectetuer adipiscing elit. Maecenas porttitor congue massa. Fusce posuere, magna sed pulvinar ultricies, purus lectus malesuada libero, sit amet commodo magna eros quis urna.Nunc viverra imperdiet enim. Fusce est. Vivamus a tellus.","1","3","1015","2001-4-15","2014-7-22"
"3","Project aaaaa","Lorem ipsum dolor sit amet, consectetuer adipiscing elit. Maecenas porttitor congue massa. Fusce posuere, magna sed pulvinar ultricies, purus lectus malesuada libero, sit amet commodo magna eros quis urna.Nunc viverra imperdiet enim. Fusce est. Vivamus a tellus.","0","4","2980","2002-4-7","2004-7-11"
"3","Project aaaaa","Lorem ipsum dolor sit amet, consectetuer adipiscing elit. Maecenas porttitor congue massa. Fusce posuere, magna sed pulvinar ultricies, purus lectus malesuada libero, sit amet commodo magna eros quis urna.Nunc viverra imperdiet enim. Fusce est. Vivamus a tellus.","1","1","2856","2003-4-7","2011-7-6"
"3","Project aaaaa","Lorem ipsum dolor sit amet, consectetuer adipiscing elit. Maecenas porttitor congue massa. Fusce posuere, magna sed pulvinar ultricies, purus lectus malesuada libero, sit amet commodo magna eros quis urna.Nunc viverra imperdiet enim. Fusce est. Vivamus a tellus.","1","1","1899","2000-4-17","2012-7-28"
"3","Project aaaaa","Lorem ipsum dolor sit amet, consectetuer adipiscing elit. Maecenas porttitor congue massa. Fusce posuere, magna sed pulvinar ultricies, purus lectus malesuada libero, sit amet commodo magna eros quis urna.Nunc viverra imperdiet enim. Fusce est. Vivamus a tellus.","0","5","2342","2009-8-25","2011-6-7"
"3","Project aaaaa","Lorem ipsum dolor sit amet, consectetuer adipiscing elit. Maecenas porttitor congue massa. Fusce posuere, magna sed pulvinar ultricies, purus lectus malesuada libero, sit amet commodo magna eros quis urna.Nunc viverra imperdiet enim. Fusce est. Vivamus a tellus.","1","2","2994","2005-4-14","2013-7-17"
"3","Project aaaaa","Lorem ipsum dolor sit amet, consectetuer adipiscing elit. Maecenas porttitor congue massa. Fusce posuere, magna sed pulvinar ultricies, purus lectus malesuada libero, sit amet commodo magna eros quis urna.Nunc viverra imperdiet enim. Fusce est. Vivamus a tellus.","0","3","1784","2000-4-27","2014-7-28"
"3","Project aaaaa","Lorem ipsum dolor sit amet, consectetuer adipiscing elit. Maecenas porttitor congue massa. Fusce posuere, magna sed pulvinar ultricies, purus lectus malesuada libero, sit amet commodo magna eros quis urna.Nunc viverra imperdiet enim. Fusce est. Vivamus a tellus.","1","4","1627","2002-11-11","2006-4-22"
"3","Project aaaaa","Lorem ipsum dolor sit amet, consectetuer adipiscing elit. Maecenas porttitor congue massa. Fusce posuere, magna sed pulvinar ultricies, purus lectus malesuada libero, sit amet commodo magna eros quis urna.Nunc viverra imperdiet enim. Fusce est. Vivamus a tellus.","0","1","2065","2000-12-12","2009-5-1"
"3","Project aaaaa","Lorem ipsum dolor sit amet, consectetuer adipiscing elit. Maecenas porttitor congue massa. Fusce posuere, magna sed pulvinar ultricies, purus lectus malesuada libero, sit amet commodo magna eros quis urna.Nunc viverra imperdiet enim. Fusce est. Vivamus a tellus.","0","5","1322","2007-11-20","2012-5-27"
"3","Project aaaaa","Lorem ipsum dolor sit amet, consectetuer adipiscing elit. Maecenas porttitor congue massa. Fusce posuere, magna sed pulvinar ultricies, purus lectus malesuada libero, sit amet commodo magna eros quis urna.Nunc viverra imperdiet enim. Fusce est. Vivamus a tellus.","1","5","2022","2000-12-8","2010-3-19"
"3","Project aaaaa","Lorem ipsum dolor sit amet, consectetuer adipiscing elit. Maecenas porttitor congue massa. Fusce posuere, magna sed pulvinar ultricies, purus lectus malesuada libero, sit amet commodo magna eros quis urna.Nunc viverra imperdiet enim. Fusce est. Vivamus a tellus.","0","5","1453","2001-4-23","2011-7-26"
"3","Project aaaaa","Lorem ipsum dolor sit amet, consectetuer adipiscing elit. Maecenas porttitor congue massa. Fusce posuere, magna sed pulvinar ultricies, purus lectus malesuada libero, sit amet commodo magna eros quis urna.Nunc viverra imperdiet enim. Fusce est. Vivamus a tellus.","0","4","1796","2000-4-24","2009-7-28"
"3","Project aaaaa","Lorem ipsum dolor sit amet, consectetuer adipiscing elit. Maecenas porttitor congue massa. Fusce posuere, magna sed pulvinar ultricies, purus lectus malesuada libero, sit amet commodo magna eros quis urna.Nunc viverra imperdiet enim. Fusce est. Vivamus a tellus.","1","3","2134","2000-4-18","2007-7-14"
"3","Project aaaaa","Lorem ipsum dolor sit amet, consectetuer adipiscing elit. Maecenas porttitor congue massa. Fusce posuere, magna sed pulvinar ultricies, purus lectus malesuada libero, sit amet commodo magna eros quis urna.Nunc viverra imperdiet enim. Fusce est. Vivamus a tellus.","0","2","2014","2003-4-2","2011-7-11"
"3","Project aaaaa","Lorem ipsum dolor sit amet, consectetuer adipiscing elit. Maecenas porttitor congue massa. Fusce posuere, magna sed pulvinar ultricies, purus lectus malesuada libero, sit amet commodo magna eros quis urna.Nunc viverra imperdiet enim. Fusce est. Vivamus a tellus.","1","2","2636","2008-7-14","2012-6-4"
"3","Project aaaaa","Lorem ipsum dolor sit amet, consectetuer adipiscing elit. Maecenas porttitor congue massa. Fusce posuere, magna sed pulvinar ultricies, purus lectus malesuada libero, sit amet commodo magna eros quis urna.Nunc viverra imperdiet enim. Fusce est. Vivamus a tellus.","0","3","2411","2012-9-2","2014-5-10"
"3","Project aaaaa","Lorem ipsum dolor sit amet, consectetuer adipiscing elit. Maecenas porttitor congue massa. Fusce posuere, magna sed pulvinar ultricies, purus lectus malesuada libero, sit amet commodo magna eros quis urna.Nunc viverra imperdiet enim. Fusce est. Vivamus a tellus.","1","2","1037","2000-12-21","2001-3-25"
"3","Project aaaaa","Lorem ipsum dolor sit amet, consectetuer adipiscing elit. Maecenas porttitor congue massa. Fusce posuere, magna sed pulvinar ultricies, purus lectus malesuada libero, sit amet commodo magna eros quis urna.Nunc viverra imperdiet enim. Fusce est. Vivamus a tellus.","0","3","2835","2005-4-8","2016-7-20"
"3","Project aaaaa","Lorem ipsum dolor sit amet, consectetuer adipiscing elit. Maecenas porttitor congue massa. Fusce posuere, magna sed pulvinar ultricies, purus lectus malesuada libero, sit amet commodo magna eros quis urna.Nunc viverra imperdiet enim. Fusce est. Vivamus a tellus.","1","2","2098","2000-8-17","2005-6-28"
"3","Project aaaaa","Lorem ipsum dolor sit amet, consectetuer adipiscing elit. Maecenas porttitor congue massa. Fusce posuere, magna sed pulvinar ultricies, purus lectus malesuada libero, sit amet commodo magna eros quis urna.Nunc viverra imperdiet enim. Fusce est. Vivamus a tellus.","0","5","1590","2009-4-15","2012-7-21"
"3","Project aaaaa","Lorem ipsum dolor sit amet, consectetuer adipiscing elit. Maecenas porttitor congue massa. Fusce posuere, magna sed pulvinar ultricies, purus lectus malesuada libero, sit amet commodo magna eros quis urna.Nunc viverra imperdiet enim. Fusce est. Vivamus a tellus.","1","2","2276","2000-11-12","2015-9-24"
"3","Project aaaaa","Lorem ipsum dolor sit amet, consectetuer adipiscing elit. Maecenas porttitor congue massa. Fusce posuere, magna sed pulvinar ultricies, purus lectus malesuada libero, sit amet commodo magna eros quis urna.Nunc viverra imperdiet enim. Fusce est. Vivamus a tellus.","0","5","2520","2000-8-17","2014-1-21"
"3","Project aaaaa","Lorem ipsum dolor sit amet, consectetuer adipiscing elit. Maecenas porttitor congue massa. Fusce posuere, magna sed pulvinar ultricies, purus lectus malesuada libero, sit amet commodo magna eros quis urna.Nunc viverra imperdiet enim. Fusce est. Vivamus a tellus.","0","2","1847","2000-4-16","2004-7-26"
"3","Project aaaaa","Lorem ipsum dolor sit amet, consectetuer adipiscing elit. Maecenas porttitor congue massa. Fusce posuere, magna sed pulvinar ultricies, purus lectus malesuada libero, sit amet commodo magna eros quis urna.Nunc viverra imperdiet enim. Fusce est. Vivamus a tellus.","0","1","2941","2001-10-22","2008-2-2"
"3","Project aaaaa","Lorem ipsum dolor sit amet, consectetuer adipiscing elit. Maecenas porttitor congue massa. Fusce posuere, magna sed pulvinar ultricies, purus lectus malesuada libero, sit amet commodo magna eros quis urna.Nunc viverra imperdiet enim. Fusce est. Vivamus a tellus.","1","2","1113","2002-9-27","2009-6-17"
"3","Project aaaaa","Lorem ipsum dolor sit amet, consectetuer adipiscing elit. Maecenas porttitor congue massa. Fusce posuere, magna sed pulvinar ultricies, purus lectus malesuada libero, sit amet commodo magna eros quis urna.Nunc viverra imperdiet enim. Fusce est. Vivamus a tellus.","0","2","1561","2000-10-6","2005-3-15"
