"1","30","Electrician"
"1","1737","Electrician"
"1","4205","Cleaner"
"1","3459","Designer"
"1","4965","Designer"
"1","4188","Designer"
"1","3792","Programer"
"2","407","Cleaner"
"2","823","Cleaner"
"2","3839","Designer"
"2","423","Cleaner"
"3","2322","Marketing"
"3","3658","Electrician"
"4","82","Programer"
"4","612","Designer"
"4","2658","Designer"
"4","4777","Designer"
"4","2313","Marketing"
"4","4642","Programer"
"4","658","Designer"
"4","90","Electrician"
"5","4492","Cleaner"
"5","465","Electrician"
"5","1211","Electrician"
"5","161","Programer"
"6","1707","Programer"
"6","1082","Programer"
"6","792","Programer"
"6","2410","Designer"
"6","90","Electrician"
"6","94","Designer"
"6","508","Designer"
"7","3212","Marketing"
"8","1813","Designer"
"8","1336","Designer"
"8","666","Cleaner"
"8","48","Programer"
"8","1872","Cleaner"
"8","2675","Programer"
"9","2352","Electrician"
"9","4609","Marketing"
"9","2286","Programer"
"9","3886","Designer"
"9","3968","Electrician"
"9","653","Designer"
"9","2476","Programer"
"9","4165","Electrician"
"9","4444","Marketing"
"10","1041","Electrician"
"10","4184","Designer"
"10","4697","Programer"
"10","4318","Programer"
"10","988","Marketing"
"10","3699","Programer"
"11","2127","Designer"
"11","410","Cleaner"
"11","4386","Designer"
"11","4945","Cleaner"
"11","3405","Programer"
"11","3305","Programer"
"11","2664","Electrician"
"11","4297","Marketing"
"12","1393","Programer"
"12","195","Programer"
"12","2119","Marketing"
"12","445","Programer"
"12","3100","Programer"
"12","239","Designer"
"12","4865","Cleaner"
"12","4728","Designer"
"12","3467","Programer"
"13","4674","Marketing"
"13","2433","Electrician"
"13","2502","Programer"
"13","455","Cleaner"
"13","186","Programer"
"13","2631","Programer"
"13","1333","Cleaner"
"13","3842","Marketing"
"13","1613","Electrician"
"13","3961","Designer"
"14","902","Designer"
"14","3394","Electrician"
"14","3883","Programer"
"14","2005","Cleaner"
"14","3264","Marketing"
"14","459","Marketing"
"15","1069","Programer"
"15","3626","Programer"
"15","4833","Marketing"
"15","2420","Designer"
"15","1112","Programer"
"15","943","Programer"
"15","1594","Electrician"
"15","1803","Marketing"
"16","1682","Cleaner"
"16","3331","Designer"
"16","4206","Marketing"
"16","1852","Marketing"
"16","2392","Electrician"
"17","3772","Programer"
"17","2638","Electrician"
"17","1140","Designer"
"17","1017","Cleaner"
"17","4211","Electrician"
"17","3732","Electrician"
"17","173","Cleaner"
"17","2299","Marketing"
"17","1996","Marketing"
"18","2146","Marketing"
"18","2186","Marketing"
"18","1096","Designer"
"18","2883","Designer"
"18","655","Designer"
"19","4058","Electrician"
"19","3380","Programer"
"19","2658","Marketing"
"19","125","Marketing"
"20","3729","Electrician"
"20","2574","Marketing"
"20","4223","Cleaner"
"20","3338","Programer"
"20","4594","Marketing"
"20","136","Electrician"
"21","4522","Marketing"
"21","4616","Programer"
"21","3881","Marketing"
"21","4221","Electrician"
"21","3844","Marketing"
"21","3907","Programer"
"21","3796","Marketing"
"21","1119","Programer"
"21","1092","Marketing"
"22","4351","Designer"
"22","3354","Programer"
"23","4818","Programer"
"23","3787","Designer"
"23","1052","Cleaner"
"24","3748","Marketing"
"24","4912","Electrician"
"24","4847","Designer"
"24","247","Designer"
"24","3584","Cleaner"
"24","4593","Cleaner"
"24","1500","Electrician"
"24","1022","Electrician"
"24","3140","Programer"
"24","1694","Marketing"
"25","2150","Electrician"
"25","4599","Cleaner"
"25","2927","Cleaner"
"25","4147","Designer"
"25","2220","Cleaner"
"26","1565","Designer"
"26","947","Cleaner"
"26","7","Cleaner"
"26","358","Programer"
"26","2384","Designer"
"26","4791","Designer"
"26","3577","Marketing"
"27","2447","Cleaner"
"27","2601","Cleaner"
"27","2921","Designer"
"27","1752","Designer"
"28","301","Programer"
"28","23","Electrician"
"28","880","Designer"
"28","1887","Cleaner"
"29","4661","Cleaner"
"29","488","Marketing"
"29","4288","Electrician"
"29","3748","Electrician"
"30","3004","Marketing"
"31","1800","Cleaner"
"31","1375","Cleaner"
"31","1748","Designer"
"31","3928","Marketing"
"31","2359","Programer"
"31","1540","Programer"
"31","2748","Cleaner"
"31","2190","Programer"
"31","3194","Electrician"
"31","631","Programer"
"32","3430","Designer"
"32","3756","Marketing"
"33","4984","Cleaner"
"33","251","Designer"
"33","4990","Marketing"
"33","4886","Programer"
"33","3855","Electrician"
"33","1472","Cleaner"
"33","4096","Cleaner"
"33","4198","Designer"
"34","4051","Designer"
"34","4470","Programer"
"34","2001","Electrician"
"34","4172","Marketing"
"34","234","Electrician"
"34","3212","Electrician"
"34","3774","Cleaner"
"35","1037","Programer"
"35","2839","Cleaner"
"35","4182","Electrician"
"35","1964","Cleaner"
"35","1504","Programer"
"35","3544","Cleaner"
"36","2356","Programer"
"36","2325","Electrician"
"36","2228","Marketing"
"36","2286","Designer"
"36","4487","Electrician"
"36","2796","Designer"
"36","325","Cleaner"
"36","3402","Electrician"
"37","1110","Electrician"
"37","2717","Electrician"
"37","3709","Designer"
"37","6","Programer"
"37","1527","Marketing"
"37","3372","Cleaner"
"38","4263","Programer"
"38","727","Cleaner"
"38","474","Marketing"
"38","3272","Cleaner"
"38","374","Designer"
"38","4445","Cleaner"
"39","207","Programer"
"39","1820","Marketing"
"39","2572","Cleaner"
"39","2892","Electrician"
"39","4824","Programer"
"40","4130","Designer"
"40","736","Electrician"
"40","4482","Marketing"
"40","1368","Designer"
"40","404","Programer"
"41","1095","Electrician"
"41","3525","Electrician"
"41","1987","Electrician"
"41","560","Cleaner"
"41","170","Programer"
"41","4736","Electrician"
"41","1543","Electrician"
"41","4871","Programer"
"41","1312","Programer"
"42","1218","Designer"
"42","504","Electrician"
"42","4219","Programer"
"42","1034","Marketing"
"42","1596","Cleaner"
"42","2122","Marketing"
"43","3163","Cleaner"
"43","388","Programer"
"43","4725","Marketing"
"43","3455","Cleaner"
"43","4388","Marketing"
"43","1644","Electrician"
"43","3356","Marketing"
"43","4032","Designer"
"43","2845","Designer"
"44","4339","Designer"
"44","2832","Designer"
"44","2568","Designer"
"45","1799","Designer"
"45","3552","Designer"
"45","1767","Programer"
"45","3869","Cleaner"
"45","4975","Marketing"
"45","2020","Programer"
"45","1922","Cleaner"
"46","647","Electrician"
"46","2442","Electrician"
"47","1560","Electrician"
"48","921","Cleaner"
"48","2219","Electrician"
"48","764","Designer"
"49","4946","Electrician"
"49","4288","Programer"
"49","937","Designer"
"49","4068","Programer"
"49","2767","Programer"
"50","2373","Electrician"
"50","4272","Programer"
"50","312","Electrician"
"50","2498","Designer"
"50","2781","Electrician"
